2126,0.004094853447991428,325,12,418,0.5238000154495239,0.8690999746322632,0.8932333588600159,0.901199996471405,0.9111999869346619,0.9164166450500488,0.921500027179718,0.9223499894142151,0.9222833514213562,0.923883318901062,0.9294166564941406,0.926883339881897,0.8550999760627747,0.8921999931335449,0.9053000211715698,0.9125000238418579,0.9228000044822693,0.9239000082015991,0.9193999767303467,0.920799970626831,0.9182000160217285,0.9222000241279602,0.9266999959945679,0.9241999983787537,1.5984265804290771,0.4611336588859558,0.36295607686042786,0.3363150358200073,0.31141844391822815,0.294461190700531,0.2813488245010376,0.276050329208374,0.27741101384162903,0.2706845700740814,0.25484007596969604,0.2608279585838318,0.5718520283699036,0.3692009747028351,0.32182425260543823,0.3082674741744995,0.2777487337589264,0.28489452600479126,0.28287753462791443,0.2850404679775238,0.28985631465911865,0.2818005084991455,0.2641282081604004,0.2748964726924896
2083,0.0031820531696551842,300,14,714,0.47530001401901245,0.8638166785240173,0.8901000022888184,0.9011499881744385,0.9093833565711975,0.9146000146865845,0.9176499843597412,0.9224166870117188,0.9226999878883362,0.9259166717529297,0.9271166920661926,0.9284166693687439,0.9297999739646912,0.9314833283424377,0.8321999907493591,0.8938999772071838,0.9039000272750854,0.9125999808311462,0.9156000018119812,0.9212999939918518,0.920199990272522,0.9121000170707703,0.9208999872207642,0.9258999824523926,0.91839998960495,0.925599992275238,0.9253000020980835,0.9311000108718872,1.7152576446533203,0.5001262426376343,0.3759511113166809,0.3368597626686096,0.3118470311164856,0.2978323698043823,0.28938770294189453,0.27681711316108704,0.2753000259399414,0.2656654417514801,0.25885364413261414,0.2539316415786743,0.2500569224357605,0.24813398718833923,0.6680487990379333,0.3793446123600006,0.33150315284729004,0.2984277307987213,0.29670557379722595,0.27051693201065063,0.28583741188049316,0.3152189552783966,0.28781241178512573,0.2723057270050049,0.2836810052394867,0.2651149034500122,0.2795180380344391,0.26151275634765625
2160,0.003765211289298587,391,9,474,0.45313334465026855,0.8514999747276306,0.883566677570343,0.8956166505813599,0.903249979019165,0.9094499945640564,0.9134666919708252,0.918583333492279,0.9207166433334351,0.7598999738693237,0.8859999775886536,0.8998000025749207,0.9103999733924866,0.913100004196167,0.9144999980926514,0.9179999828338623,0.9215999841690063,0.9190999865531921,1.8109039068222046,0.5542189478874207,0.40253493189811707,0.35494884848594666,0.32972851395606995,0.31275662779808044,0.299468070268631,0.28748947381973267,0.2827754020690918,0.8108475208282471,0.40967997908592224,0.3489064872264862,0.31428489089012146,0.31133583188056946,0.3066529929637909,0.2780081629753113,0.27364301681518555,0.2849760353565216
2124,0.002848027612332117,55,13,984,0.7631999850273132,0.896316647529602,0.9040833115577698,0.911899983882904,0.9164999723434448,0.9174833297729492,0.9204666614532471,0.9245666861534119,0.9261500239372253,0.9272000193595886,0.928766667842865,0.9331499934196472,0.9318166375160217,0.9023000001907349,0.9186000227928162,0.9061999917030334,0.9146999716758728,0.9169999957084656,0.8914999961853027,0.9032999873161316,0.9089999794960022,0.9082000255584717,0.9225999712944031,0.8978000283241272,0.9283999800682068,0.9258999824523926,0.7650418877601624,0.35340386629104614,0.3352120816707611,0.31526094675064087,0.29959729313850403,0.2956469655036926,0.28566741943359375,0.27132511138916016,0.26043900847435,0.26207631826400757,0.2523944079875946,0.24458323419094086,0.24236322939395905,0.3328966200351715,0.29802343249320984,0.3510087728500366,0.312863826751709,0.29815053939819336,0.3870769143104553,0.3532769978046417,0.33075690269470215,0.3234311640262604,0.2865285277366638,0.3693995773792267,0.2679644823074341,0.29506728053092957
2116,0.0032570199042070897,167,17,601,0.6309166550636292,0.8837666511535645,0.9010833501815796,0.9096166491508484,0.9143833518028259,0.9193166494369507,0.9213166832923889,0.9234333038330078,0.9271166920661926,0.9272833466529846,0.9294000267982483,0.9286999702453613,0.9333833456039429,0.931683361530304,0.9352166652679443,0.9362333416938782,0.937333345413208,0.8747000098228455,0.9024999737739563,0.9004999995231628,0.9054999947547913,0.9142000079154968,0.920799970626831,0.9271000027656555,0.9164000153541565,0.9287999868392944,0.9320999979972839,0.9225000143051147,0.9200000166893005,0.9226999878883362,0.9332000017166138,0.925599992275238,0.9350000023841858,0.9251000285148621,1.2003549337387085,0.3955501616001129,0.33714747428894043,0.31509536504745483,0.29865625500679016,0.28652405738830566,0.2803605794906616,0.2735065221786499,0.2604919672012329,0.25893446803092957,0.25142621994018555,0.24914446473121643,0.23749014735221863,0.23860108852386475,0.2317596822977066,0.22589899599552155,0.21906442940235138,0.43216562271118164,0.3359103500843048,0.3364180326461792,0.32035577297210693,0.2949654459953308,0.28148117661476135,0.27772554755210876,0.302177369594574,0.265410453081131,0.24860966205596924,0.2850666642189026,0.2856868505477905,0.2860207259654999,0.24740983545780182,0.2730674743652344,0.2497003972530365,0.2723594903945923
1999,0.004067789551291889,439,16,348,0.4260833263397217,0.8489833474159241,0.8851000070571899,0.8967333436012268,0.9048333168029785,0.9121166467666626,0.9164833426475525,0.9187166690826416,0.9205833077430725,0.9232166409492493,0.9247499704360962,0.9282833337783813,0.9295666813850403,0.9291166663169861,0.9304666519165039,0.9309333562850952,0.7871000170707703,0.8808000087738037,0.8967000246047974,0.9053000211715698,0.913100004196167,0.9150999784469604,0.9115999937057495,0.9182000160217285,0.9197999835014343,0.9251000285148621,0.921500027179718,0.9232000112533569,0.9266999959945679,0.9225000143051147,0.9211999773979187,0.9272000193595886,1.9070271253585815,0.5685714483261108,0.39778152108192444,0.3520122468471527,0.3252768814563751,0.30711156129837036,0.29548126459121704,0.2860396206378937,0.2813965082168579,0.2730169892311096,0.2666565775871277,0.2588355541229248,0.25561654567718506,0.2535533010959625,0.24900387227535248,0.24898216128349304,0.8540358543395996,0.4165401756763458,0.3517066240310669,0.31830620765686035,0.29794174432754517,0.2995198965072632,0.3076764643192291,0.27998629212379456,0.2813049852848053,0.27112269401550293,0.281834214925766,0.2827100455760956,0.2647162973880768,0.27514708042144775,0.278613805770874,0.25853124260902405
2074,0.003689630994320977,243,17,421,0.5806999802589417,0.8786166906356812,0.8978166580200195,0.9056166410446167,0.9163500070571899,0.9191166758537292,0.9212333559989929,0.9232500195503235,0.9247166514396667,0.9246333241462708,0.9289000034332275,0.9275000095367432,0.9289833307266235,0.9295333623886108,0.9327499866485596,0.9322166442871094,0.934149980545044,0.861299991607666,0.8952999711036682,0.9138000011444092,0.9147999882698059,0.919700026512146,0.9196000099182129,0.9211999773979187,0.9244999885559082,0.9211999773979187,0.9248999953269958,0.9187999963760376,0.9269000291824341,0.9257000088691711,0.9293000102043152,0.9276999831199646,0.923799991607666,0.9230999946594238,1.3822139501571655,0.41935691237449646,0.34677770733833313,0.3237738609313965,0.29582375288009644,0.2875564992427826,0.27871158719062805,0.2720133662223816,0.26737502217292786,0.26587796211242676,0.2546781003475189,0.25743454694747925,0.25177404284477234,0.24786822497844696,0.23704592883586884,0.23690097033977509,0.23200289905071259,0.4860411584377289,0.3558732867240906,0.30402112007141113,0.2976292669773102,0.2885875701904297,0.2902756333351135,0.28758367896080017,0.28108206391334534,0.2817646861076355,0.2729595899581909,0.2838149964809418,0.2623308002948761,0.26982516050338745,0.259052574634552,0.26127105951309204,0.27177584171295166,0.27251508831977844
2163,0.0033148881454364253,260,15,606,0.5387333035469055,0.8697500228881836,0.892216682434082,0.9024500250816345,0.9108666777610779,0.9178500175476074,0.9208833575248718,0.9225000143051147,0.925516664981842,0.9277499914169312,0.9316333532333374,0.9294999837875366,0.9301833510398865,0.9323999881744385,0.932283341884613,0.868399977684021,0.8884999752044678,0.8981000185012817,0.9133999943733215,0.9187999963760376,0.9225000143051147,0.9203000068664551,0.9261999726295471,0.9257000088691711,0.9264000058174133,0.927299976348877,0.9287999868392944,0.9253000020980835,0.927299976348877,0.9304999709129333,1.510069489479065,0.4556991457939148,0.36421146988868713,0.3312044143676758,0.3092711567878723,0.2915402054786682,0.2814982831478119,0.2754739224910736,0.2658212184906006,0.26024922728538513,0.2488495409488678,0.2522759735584259,0.2487235963344574,0.2426498383283615,0.23996716737747192,0.5363942980766296,0.37464413046836853,0.34217071533203125,0.2966870665550232,0.29593291878700256,0.2737324833869934,0.28736412525177,0.2703346908092499,0.265241414308548,0.27103909850120544,0.26867011189460754,0.26399850845336914,0.27059048414230347,0.26707327365875244,0.2528572380542755
2149,0.0038283931908921795,121,8,333,0.7112500071525574,0.8919833302497864,0.9083999991416931,0.9126333594322205,0.9168000221252441,0.9204833507537842,0.9232833385467529,0.9236500263214111,0.8823999762535095,0.9160000085830688,0.911300003528595,0.9172999858856201,0.921500027179718,0.9241999983787537,0.9265999794006348,0.9197999835014343,0.9426083564758301,0.36008673906326294,0.32010096311569214,0.3074473440647125,0.29362404346466064,0.2837556302547455,0.27285945415496826,0.2715597152709961,0.39154717326164246,0.29686254262924194,0.31250977516174316,0.30787572264671326,0.2952623665332794,0.27742668986320496,0.27542150020599365,0.2829591631889343
2099,0.002319220941050539,392,12,464,0.35093334317207336,0.8181166648864746,0.867733359336853,0.884933352470398,0.89410001039505,0.8997499942779541,0.9041833281517029,0.9088833332061768,0.9133833050727844,0.9137499928474426,0.9174666404724121,0.9207166433334351,0.6588000059127808,0.8633999824523926,0.8873999714851379,0.8999000191688538,0.9021999835968018,0.9059000015258789,0.9032999873161316,0.9100000262260437,0.9096999764442444,0.9194999933242798,0.9032999873161316,0.921500027179718,2.052623987197876,0.7881456613540649,0.47687047719955444,0.39931240677833557,0.3636423945426941,0.34060996770858765,0.3285161256790161,0.31541162729263306,0.30355414748191833,0.30086812376976013,0.28960633277893066,0.2823861241340637,1.302031397819519,0.525235116481781,0.401660680770874,0.3528994917869568,0.3418603241443634,0.32027509808540344,0.3302716910839081,0.3096369802951813,0.31351467967033386,0.2895849347114563,0.3209538161754608,0.2870972752571106
2130,0.0005110102965979809,194,11,454,0.20368333160877228,0.6949833035469055,0.8157666921615601,0.8497333526611328,0.8655833601951599,0.8758500218391418,0.8830333352088928,0.8895000219345093,0.8935999870300293,0.8966833353042603,0.9004999995231628,0.4115999937057495,0.8126000165939331,0.8478000164031982,0.8715999722480774,0.8808000087738037,0.8870999813079834,0.894599974155426,0.8985000252723694,0.9010000228881836,0.9064000248908997,0.9060999751091003,2.2357890605926514,1.5803391933441162,0.8980990648269653,0.6264541149139404,0.5115859508514404,0.45159271359443665,0.4137513041496277,0.38736066222190857,0.36955636739730835,0.35505661368370056,0.34330853819847107,2.0258800983428955,1.1236225366592407,0.6967499852180481,0.5282242894172668,0.4489617645740509,0.40842846035957336,0.37720370292663574,0.3559238612651825,0.3451663851737976,0.32983162999153137,0.3259792625904083
2044,0.0027820365933135488,317,15,301,0.45871666073799133,0.8517333269119263,0.8824166655540466,0.8953999876976013,0.9019333124160767,0.9093833565711975,0.9137166738510132,0.9160166382789612,0.9205833077430725,0.9214000105857849,0.9262666702270508,0.9264833331108093,0.9265499711036682,0.9281499981880188,0.9280833601951599,0.8192999958992004,0.8804000020027161,0.8907999992370605,0.9054999947547913,0.9126999974250793,0.9157000184059143,0.9185000061988831,0.9190999865531921,0.9223999977111816,0.9189000129699707,0.9178000092506409,0.9246000051498413,0.9254999756813049,0.9247000217437744,0.9297000169754028,1.780889868736267,0.5590381026268005,0.40472787618637085,0.3553493022918701,0.3320852518081665,0.31240084767341614,0.30133509635925293,0.2941140830516815,0.2816971242427826,0.27742424607276917,0.26596778631210327,0.2649223804473877,0.25933557748794556,0.2577873468399048,0.25575417280197144,0.7872642874717712,0.4189021587371826,0.3695945739746094,0.3246413469314575,0.30446410179138184,0.2941986918449402,0.2892460823059082,0.29343360662460327,0.2808758020401001,0.29063794016838074,0.2850905656814575,0.2761165201663971,0.2669503390789032,0.2671576738357544,0.257007896900177
2158,0.003141786684581115,369,13,778,0.429833322763443,0.8450999855995178,0.8827499747276306,0.8937833309173584,0.9024166464805603,0.9106833338737488,0.9138000011444092,0.9199333190917969,0.9216166734695435,0.9232500195503235,0.9269499778747559,0.9253666400909424,0.928849995136261,0.8097000122070312,0.8795999884605408,0.9021000266075134,0.9052000045776367,0.9014000296592712,0.9110999703407288,0.9204999804496765,0.9210000038146973,0.9162999987602234,0.9203000068664551,0.9239000082015991,0.9251000285148621,0.9293000102043152,1.8561404943466187,0.5909928679466248,0.41274553537368774,0.3612777590751648,0.3338108956813812,0.311626672744751,0.2989538311958313,0.28367602825164795,0.27708059549331665,0.2732541263103485,0.2636081278324127,0.26538071036338806,0.2565315067768097,0.851857602596283,0.4387649893760681,0.3520209789276123,0.32927095890045166,0.32443663477897644,0.3033166825771332,0.28189635276794434,0.2815956175327301,0.29054325819015503,0.2759089469909668,0.28213849663734436,0.2733595669269562,0.25453656911849976
2062,0.004309915326292254,161,12,99,0.6976833343505859,0.8921833038330078,0.9060166478157043,0.9093000292778015,0.9105499982833862,0.918833315372467,0.9195333123207092,0.9211999773979187,0.9194499850273132,0.9242333173751831,0.9265499711036682,0.928683340549469,0.8891000151634216,0.8824999928474426,0.9164000153541565,0.906000018119812,0.9180999994277954,0.92330002784729,0.9072999954223633,0.9125999808311462,0.9304999709129333,0.9280999898910522,0.9218999743461609,0.9258999824523926,1.014196515083313,0.3644079566001892,0.32577279210090637,0.316959410905838,0.31193095445632935,0.2881215214729309,0.28717514872550964,0.28182506561279297,0.2833794951438904,0.2693960666656494,0.26008209586143494,0.25344711542129517,0.3762120306491852,0.38234400749206543,0.2936285734176636,0.3362303078174591,0.2918919324874878,0.28000006079673767,0.3407209515571594,0.31023406982421875,0.272151380777359,0.26129406690597534,0.2808071970939636,0.27495333552360535
2087,0.0030990473341071783,335,14,440,0.4425666630268097,0.8492666482925415,0.8859500288963318,0.896049976348877,0.9046000242233276,0.9139000177383423,0.9168166518211365,0.9218999743461609,0.9244999885559082,0.9258166551589966,0.9267833232879639,0.927483320236206,0.9301166534423828,0.9298833608627319,0.7961999773979187,0.8831999897956848,0.8938000202178955,0.9093000292778015,0.9136000275611877,0.916700005531311,0.9208999872207642,0.9229999780654907,0.9222000241279602,0.9212999939918518,0.9215999841690063,0.9169999957084656,0.9275000095367432,0.9187999963760376,1.796136498451233,0.5542044043540955,0.3964098393917084,0.35252800583839417,0.3283688724040985,0.3024566173553467,0.29376471042633057,0.2786884307861328,0.2724391520023346,0.26839178800582886,0.2597068250179291,0.2577652931213379,0.2543568015098572,0.25083088874816895,0.8034022450447083,0.4136604368686676,0.3645161986351013,0.3100284934043884,0.308036208152771,0.28992632031440735,0.28153908252716064,0.27271708846092224,0.27679508924484253,0.2785426378250122,0.2819673717021942,0.30280181765556335,0.2602592408657074,0.28939446806907654
2139,0.004725218173075495,418,12,584,0.45680001378059387,0.85958331823349,0.889549970626831,0.9025999903678894,0.9115666747093201,0.9180166721343994,0.9213166832923889,0.9242166876792908,0.9255333542823792,0.926966667175293,0.929099977016449,0.9308333396911621,0.8356000185012817,0.8930000066757202,0.899399995803833,0.9070000052452087,0.9185000061988831,0.9204999804496765,0.9185000061988831,0.9222000241279602,0.9225999712944031,0.9257000088691711,0.9192000031471252,0.9273999929428101,1.8305037021636963,0.5045884251594543,0.37613359093666077,0.33143386244773865,0.30764034390449524,0.28869959712028503,0.2785809338092804,0.26937898993492126,0.2660689651966095,0.25942057371139526,0.2546767294406891,0.2507963478565216,0.6820489764213562,0.38179364800453186,0.3432829678058624,0.3168565034866333,0.2874433696269989,0.2782597541809082,0.28558531403541565,0.27932974696159363,0.2899501919746399,0.2690329849720001,0.28555697202682495,0.26538074016571045
2111,0.004024357367330879,426,14,468,0.4105166792869568,0.847350001335144,0.8847333192825317,0.8969833254814148,0.9053000211715698,0.9154833555221558,0.9200000166893005,0.9225666522979736,0.924049973487854,0.9263833165168762,0.92535001039505,0.9280666708946228,0.9291999936103821,0.9314333200454712,0.8233000040054321,0.8805999755859375,0.8999999761581421,0.9068999886512756,0.9125999808311462,0.9161999821662903,0.9133999943733215,0.9204000234603882,0.9282000064849854,0.9197999835014343,0.9265999794006348,0.9253000020980835,0.9243999719619751,0.9265000224113464,1.9196901321411133,0.5743858218193054,0.4020778238773346,0.34959185123443604,0.32427534461021423,0.2976151704788208,0.28500521183013916,0.27584969997406006,0.2693624794483185,0.2622150778770447,0.26201125979423523,0.2570507228374481,0.25364431738853455,0.2471979260444641,0.8257641792297363,0.4221508800983429,0.3482597768306732,0.31932908296585083,0.30490419268608093,0.30229032039642334,0.3067314922809601,0.2730277478694916,0.26010483503341675,0.28051796555519104,0.26895853877067566,0.2698771059513092,0.2694893479347229,0.2627779245376587
2138,0.0025474141882887835,226,12,444,0.5157166719436646,0.8659499883651733,0.8908833265304565,0.9019333124160767,0.9100666642189026,0.9177833199501038,0.920283317565918,0.9221500158309937,0.9249333143234253,0.9263666868209839,0.925516664981842,0.9282500147819519,0.8543000221252441,0.8910999894142151,0.9057999849319458,0.916100025177002,0.9204000234603882,0.9235000014305115,0.9217000007629395,0.9241999983787537,0.9207000136375427,0.9297000169754028,0.9241999983787537,0.925000011920929,1.5552936792373657,0.4851181209087372,0.37573978304862976,0.3349136412143707,0.3129124343395233,0.29075533151626587,0.2831678092479706,0.2762041687965393,0.26837897300720215,0.263516902923584,0.2653992474079132,0.253774493932724,0.6033070087432861,0.38071274757385254,0.3243890106678009,0.3002726435661316,0.2874046564102173,0.2717389166355133,0.275958776473999,0.2783980071544647,0.2757653594017029,0.2580840587615967,0.2793141007423401,0.26612892746925354
2082,0.0031437237406196955,368,15,428,0.44841668009757996,0.848800003528595,0.881600022315979,0.8942499756813049,0.9028333425521851,0.9087333083152771,0.9137333035469055,0.9179999828338623,0.9225500226020813,0.9240833520889282,0.9254666566848755,0.9283333420753479,0.9279333353042603,0.9297666549682617,0.9286999702453613,0.7944999933242798,0.8708999752998352,0.8873999714851379,0.9017000198364258,0.9082000255584717,0.9010999798774719,0.9125999808311462,0.8966000080108643,0.9218000173568726,0.9211000204086304,0.9197999835014343,0.9253000020980835,0.9258999824523926,0.92330002784729,0.8989999890327454,1.852577805519104,0.5721524357795715,0.4091031849384308,0.35877785086631775,0.33183151483535767,0.3146936595439911,0.29958322644233704,0.2911626994609833,0.27666983008384705,0.27328699827194214,0.26577359437942505,0.26018500328063965,0.25780725479125977,0.2507093548774719,0.2536466121673584,0.8446571230888367,0.4538589417934418,0.3796022832393646,0.3327161967754364,0.3229948878288269,0.3220119774341583,0.292538046836853,0.33672812581062317,0.28453972935676575,0.28341323137283325,0.28691649436950684,0.27535808086395264,0.2652253806591034,0.26942434906959534,0.3388557732105255
2036,0.0027249238086384606,102,15,499,0.6949333548545837,0.8906166553497314,0.9067666530609131,0.9144666790962219,0.9185000061988831,0.9209333062171936,0.9244999885559082,0.925166666507721,0.9271666407585144,0.927049994468689,0.9285666942596436,0.9312999844551086,0.9312999844551086,0.934583306312561,0.935783326625824,0.8835999965667725,0.9065999984741211,0.9057000279426575,0.9193999767303467,0.9236000180244446,0.9265999794006348,0.9261000156402588,0.9207000136375427,0.8938000202178955,0.9300000071525574,0.91839998960495,0.910099983215332,0.927299976348877,0.9297999739646912,0.9366000294685364,1.0014467239379883,0.36941757798194885,0.3232344686985016,0.304174542427063,0.2884775698184967,0.2812564969062805,0.2707671821117401,0.266095370054245,0.26004454493522644,0.2607441544532776,0.2507295310497284,0.24125254154205322,0.240183025598526,0.23244556784629822,0.227011039853096,0.3882666528224945,0.32153868675231934,0.3252772092819214,0.2877103388309479,0.2778392434120178,0.27039965987205505,0.26880714297294617,0.2835877537727356,0.3602978587150574,0.2542947828769684,0.29756104946136475,0.3256705403327942,0.2783421277999878,0.26201963424682617,0.24181127548217773
2106,0.0028152180743436527,50,13,571,0.7687166929244995,0.8962500095367432,0.9051833152770996,0.9115166664123535,0.9154333472251892,0.918749988079071,0.9189833402633667,0.9233333468437195,0.9264833331108093,0.9267833232879639,0.9283666610717773,0.9301000237464905,0.9288333058357239,0.8967999815940857,0.9049000144004822,0.9114000201225281,0.9114000201225281,0.9107999801635742,0.9168000221252441,0.9325000047683716,0.9003000259399414,0.9212999939918518,0.8931999802589417,0.92330002784729,0.9251000285148621,0.932200014591217,0.7436994314193726,0.35568875074386597,0.3337731659412384,0.3176059424877167,0.30403563380241394,0.29412728548049927,0.28861138224601746,0.2770950198173523,0.2625136375427246,0.26028913259506226,0.25201770663261414,0.2508961260318756,0.250074565410614,0.3371168375015259,0.328969806432724,0.32169491052627563,0.3333347737789154,0.3246487081050873,0.3170435130596161,0.25501155853271484,0.3561476469039917,0.2985313832759857,0.38494032621383667,0.28224968910217285,0.28289762139320374,0.2732984721660614
2157,0.003391759339198798,361,14,561,0.4523000121116638,0.8541833162307739,0.8846333622932434,0.8974999785423279,0.90461665391922,0.9101166725158691,0.9155166745185852,0.9181333184242249,0.92166668176651,0.9243999719619751,0.9263499975204468,0.926716685295105,0.9291333556175232,0.9301833510398865,0.8276000022888184,0.8827000260353088,0.8914999961853027,0.9059000015258789,0.9128999710083008,0.9125000238418579,0.9132999777793884,0.9176999926567078,0.9236999750137329,0.9247000217437744,0.9254000186920166,0.9254000186920166,0.9283000230789185,0.9283999800682068,1.813550353050232,0.5388867259025574,0.3951885998249054,0.3507971167564392,0.32649120688438416,0.3110426664352417,0.2971877455711365,0.2872660458087921,0.27953219413757324,0.26965516805648804,0.2654220461845398,0.26061856746673584,0.2535091042518616,0.25109177827835083,0.7480418682098389,0.4042524993419647,0.37220409512519836,0.3188709020614624,0.3081950545310974,0.31086596846580505,0.29383885860443115,0.2920907735824585,0.2717162072658539,0.2788403034210205,0.2750418782234192,0.2686421573162079,0.27170315384864807,0.25763851404190063
2037,0.0026753285394419627,229,14,328,0.5364000201225281,0.8633999824523926,0.8863499760627747,0.9019166827201843,0.9079333543777466,0.9111999869346619,0.9182166457176208,0.9207000136375427,0.9239166378974915,0.9212166666984558,0.9248166680335999,0.9268333315849304,0.929099977016449,0.9253166913986206,0.7328000068664551,0.8145999908447266,0.8980000019073486,0.8984000086784363,0.8666999936103821,0.920199990272522,0.9192000031471252,0.9158999919891357,0.896399974822998,0.8937000036239624,0.8813999891281128,0.9269000291824341,0.8655999898910522,0.9225999712944031,1.5090060234069824,0.4813670814037323,0.3812548816204071,0.33664628863334656,0.3182961046695709,0.31321653723716736,0.28933653235435486,0.2820970118045807,0.27193182706832886,0.27897965908050537,0.2694181203842163,0.2615254819393158,0.25671011209487915,0.26863062381744385,0.8224167227745056,0.530180037021637,0.33989739418029785,0.33758148550987244,0.44376426935195923,0.28592032194137573,0.2913512885570526,0.28938645124435425,0.3634316921234131,0.35738250613212585,0.4077136814594269,0.26910167932510376,0.4399883449077606,0.2727017402648926
2086,0.004336950916002566,396,6,900,0.43986666202545166,0.8581166863441467,0.890250027179718,0.9032333493232727,0.9126999974250793,0.9168999791145325,0.7990000247955322,0.883899986743927,0.8891000151634216,0.9136000275611877,0.9215999841690063,0.920799970626831,1.839008092880249,0.5191983580589294,0.37917330861091614,0.33448731899261475,0.3054424524307251,0.2907654941082001,0.7349967360496521,0.39985018968582153,0.3665318489074707,0.2979079484939575,0.2848328649997711,0.2842297852039337
2132,0.0025228676392875377,256,10,392,0.49729999899864197,0.86285001039505,0.8873500227928162,0.8984333276748657,0.9048666954040527,0.9093833565711975,0.9148666858673096,0.9176333546638489,0.9207833409309387,0.9227666854858398,0.8327999711036682,0.8841000199317932,0.9023000001907349,0.9063000082969666,0.9165999889373779,0.9096999764442444,0.9174000024795532,0.9197999835014343,0.9169999957084656,0.9222000241279602,1.650967001914978,0.5104706287384033,0.3872019648551941,0.34724920988082886,0.32761645317077637,0.3106570541858673,0.2987681031227112,0.29006966948509216,0.2826485335826874,0.27643314003944397,0.6829202175140381,0.40632396936416626,0.34254372119903564,0.333488792181015,0.2928565442562103,0.30380403995513916,0.2921680808067322,0.2749618589878082,0.2897781431674957,0.27214354276657104
1933,0.001605477064194996,411,12,372,0.2679166793823242,0.7651500105857849,0.8499500155448914,0.8711000084877014,0.8823000192642212,0.8902666568756104,0.8967000246047974,0.9004666805267334,0.9053999781608582,0.9086999893188477,0.9099500179290771,0.9124666452407837,0.6237000226974487,0.8331000208854675,0.8687000274658203,0.8841999769210815,0.8960999846458435,0.8985999822616577,0.9045000076293945,0.9085999727249146,0.9071000218391418,0.9128000140190125,0.9161999821662903,0.9172000288963318,2.1781201362609863,1.1490960121154785,0.6085584163665771,0.46995362639427185,0.412553608417511,0.37730637192726135,0.3548377752304077,0.34044432640075684,0.3271663784980774,0.31600040197372437,0.3115989565849304,0.3033425211906433,1.7384690046310425,0.7309309840202332,0.49107134342193604,0.4104965925216675,0.3703785538673401,0.3528513014316559,0.3289167881011963,0.31793826818466187,0.31647810339927673,0.30167922377586365,0.2933824360370636,0.29129019379615784
2154,0.0029593223060937544,416,9,414,0.3615666627883911,0.835099995136261,0.8748499751091003,0.8896999955177307,0.8993666768074036,0.9050166606903076,0.9089999794960022,0.9110333323478699,0.9161166548728943,0.7677000164985657,0.8727999925613403,0.888700008392334,0.902899980545044,0.9043999910354614,0.909600019454956,0.8966000080108643,0.9180999994277954,0.9176999926567078,1.986555576324463,0.6806285977363586,0.4402458071708679,0.37820956110954285,0.34487655758857727,0.3270101845264435,0.314253032207489,0.3080720603466034,0.29400962591171265,1.0515544414520264,0.47206035256385803,0.3847806751728058,0.3406575918197632,0.33071526885032654,0.31036558747291565,0.3404321074485779,0.28571397066116333,0.29048827290534973
1990,4.017383678326715e-05,341,8,504,0.11256666481494904,0.11998333036899567,0.13306666910648346,0.13281667232513428,0.14686666429042816,0.17128333449363708,0.19896666705608368,0.24705000221729279,0.11349999904632568,0.11349999904632568,0.1137000024318695,0.10279999673366547,0.1949000060558319,0.17900000512599945,0.1454000025987625,0.17649999260902405,2.301565170288086,2.2990591526031494,2.2959141731262207,2.2906525135040283,2.2852821350097656,2.2769978046417236,2.2672553062438965,2.256192445755005,2.299654245376587,2.297886371612549,2.2931106090545654,2.2889349460601807,2.2807910442352295,2.271817684173584,2.260495662689209,2.248526096343994
2162,0.0034690225812078913,481,14,544,0.34139999747276306,0.8237833380699158,0.8726000189781189,0.8874833583831787,0.8975666761398315,0.9037666916847229,0.9089666604995728,0.9139333367347717,0.9176833629608154,0.9206666946411133,0.9231500029563904,0.9259666800498962,0.9259333610534668,0.9277833104133606,0.7491999864578247,0.868399977684021,0.890999972820282,0.8991000056266785,0.9043999910354614,0.9121000170707703,0.9147999882698059,0.9146000146865845,0.9200000166893005,0.9230999946594238,0.9225000143051147,0.9211000204086304,0.926800012588501,0.9239000082015991,2.052682876586914,0.7261688709259033,0.45355600118637085,0.3868750035762787,0.3515772223472595,0.3307550847530365,0.3158950209617615,0.30254215002059937,0.2923577129840851,0.28272268176078796,0.2729109823703766,0.26531359553337097,0.26606571674346924,0.25939294695854187,1.1646504402160645,0.49993714690208435,0.3837726414203644,0.3507188856601715,0.32916510105133057,0.3038005828857422,0.2915273904800415,0.30267882347106934,0.29487141966819763,0.2738787829875946,0.28154000639915466,0.2733304798603058,0.2653472125530243,0.26988887786865234
2101,0.0036910626616014196,484,14,632,0.3535333275794983,0.8290166854858398,0.8757500052452087,0.8891333341598511,0.8985000252723694,0.9050833582878113,0.9105333089828491,0.9171000123023987,0.9209166765213013,0.9226999878883362,0.9262666702270508,0.927383303642273,0.9290333390235901,0.9288166761398315,0.8022000193595886,0.8766000270843506,0.8967000246047974,0.9050999879837036,0.9101999998092651,0.9146000146865845,0.9174000024795532,0.9222999811172485,0.9182000160217285,0.9229000210762024,0.9203000068664551,0.9272000193595886,0.9273999929428101,0.9223999977111816,2.034900665283203,0.6874634027481079,0.43950581550598145,0.3802606463432312,0.3454906642436981,0.32474958896636963,0.3096478283405304,0.2911141514778137,0.28115156292915344,0.274129718542099,0.2646055221557617,0.26114898920059204,0.2542026937007904,0.25424712896347046,1.079358696937561,0.475955992937088,0.3711146116256714,0.34073179960250854,0.3141312301158905,0.29808542132377625,0.28865620493888855,0.2766791582107544,0.28036412596702576,0.27532777190208435,0.2802971601486206,0.26048287749290466,0.25822171568870544,0.2721160054206848
2069,0.003735310787487596,386,8,451,0.44804999232292175,0.854200005531311,0.8879833221435547,0.8989499807357788,0.9086999893188477,0.9137666821479797,0.9210666418075562,0.9229666590690613,0.8166000247001648,0.8876000046730042,0.8978999853134155,0.910099983215332,0.9165999889373779,0.9189000129699707,0.9199000000953674,0.9225999712944031,1.8335456848144531,0.5414153933525085,0.38644644618034363,0.344245970249176,0.3155011832714081,0.29910001158714294,0.2818623185157776,0.27573129534721375,0.7504740953445435,0.4060048758983612,0.3473862111568451,0.30967894196510315,0.2857375144958496,0.28620800375938416,0.2741985023021698,0.27749574184417725
2049,0.003102366475201011,397,6,465,0.4171999990940094,0.8411833047866821,0.8772500157356262,0.8928666710853577,0.8998500108718872,0.9056666493415833,0.7890999913215637,0.8777999877929688,0.8884999752044678,0.8996999859809875,0.906000018119812,0.9132000207901001,1.8951597213745117,0.6269498467445374,0.4281207323074341,0.37063536047935486,0.3421401381492615,0.3230011463165283,0.9317595958709717,0.4520714282989502,0.3819293677806854,0.3444943428039551,0.3203285336494446,0.3048575818538666
1998,0.003582312305722525,342,11,628,0.46841666102409363,0.8599166870117188,0.8879666924476624,0.8982999920845032,0.9072833061218262,0.9132833480834961,0.9197333455085754,0.9222999811172485,0.9243333339691162,0.9240166544914246,0.9276999831199646,0.8422999978065491,0.8684999942779541,0.8996000289916992,0.9099000096321106,0.9172000288963318,0.9153000116348267,0.9243999719619751,0.925000011920929,0.9251999855041504,0.9222999811172485,0.9265999794006348,1.7191662788391113,0.5200383067131042,0.3857280910015106,0.3467739522457123,0.3195410668849945,0.3044186532497406,0.2864563465118408,0.2762012183666229,0.27034512162208557,0.26787126064300537,0.2595197856426239,0.6862609386444092,0.4333476126194,0.3402824103832245,0.30914705991744995,0.29208678007125854,0.29407891631126404,0.27276158332824707,0.26955872774124146,0.2739960551261902,0.2770211696624756,0.26590484380722046
1868,2.3425109049363557e-05,293,11,359,0.11156667023897171,0.11406666785478592,0.13189999759197235,0.11729999631643295,0.12403333187103271,0.1381666660308838,0.15125000476837158,0.1663166731595993,0.17606666684150696,0.23453333973884583,0.2475000023841858,0.11349999904632568,0.11349999904632568,0.11349999904632568,0.11349999904632568,0.11349999904632568,0.1136000007390976,0.11420000344514847,0.11429999768733978,0.1387999951839447,0.25859999656677246,0.2549999952316284,2.3013856410980225,2.299081802368164,2.2969326972961426,2.2936131954193115,2.28987455368042,2.2859063148498535,2.2806429862976074,2.2750277519226074,2.268303394317627,2.260903835296631,2.253105640411377,2.3003203868865967,2.298060655593872,2.2941763401031494,2.2910354137420654,2.2879445552825928,2.282439947128296,2.277353525161743,2.270672559738159,2.2637181282043457,2.256201982498169,2.2479872703552246
2133,0.0032811946815253417,272,15,456,0.5139999985694885,0.8691999912261963,0.8914666771888733,0.9050999879837036,0.9136166572570801,0.9203333258628845,0.92208331823349,0.9249333143234253,0.9263499975204468,0.9259666800498962,0.9283166527748108,0.9291499853134155,0.9313166737556458,0.9313166737556458,0.930483341217041,0.8537999987602234,0.881600022315979,0.9036999940872192,0.9007999897003174,0.9129999876022339,0.9175999760627747,0.9126999974250793,0.9253000020980835,0.9283000230789185,0.9223999977111816,0.9204999804496765,0.9218000173568726,0.9233999848365784,0.9271000027656555,0.928600013256073,1.5953987836837769,0.46824872493743896,0.3676886260509491,0.32756999135017395,0.30236533284187317,0.283704936504364,0.2766377925872803,0.2688208222389221,0.2633399963378906,0.2637964189052582,0.2549566328525543,0.2518008351325989,0.24760618805885315,0.24489067494869232,0.24406646192073822,0.582905650138855,0.4035531282424927,0.333575963973999,0.33974963426589966,0.2986599802970886,0.2968757152557373,0.3019924461841583,0.27786388993263245,0.25824978947639465,0.27661994099617004,0.2851603627204895,0.278371661901474,0.2759438753128052,0.262288361787796,0.2547728717327118
2109,0.003981034120721321,171,15,81,0.6874333620071411,0.8867999911308289,0.9004833102226257,0.9099166393280029,0.914816677570343,0.9165666699409485,0.9175833463668823,0.9211000204086304,0.9250333309173584,0.9228166937828064,0.9254999756813049,0.9294499754905701,0.9305333495140076,0.9319999814033508,0.9295166730880737,0.8945000171661377,0.8974000215530396,0.902899980545044,0.9097999930381775,0.9153000116348267,0.925000011920929,0.9247999787330627,0.9225000143051147,0.9179999828338623,0.9261000156402588,0.9240000247955322,0.9240999817848206,0.927299976348877,0.9334999918937683,0.9128999710083008,1.0361720323562622,0.3794354796409607,0.33684268593788147,0.3122492730617523,0.2979680001735687,0.2923453152179718,0.28964951634407043,0.28036242723464966,0.26503297686576843,0.27213162183761597,0.2638553977012634,0.2513282597064972,0.24620887637138367,0.24337199330329895,0.2504212260246277,0.37454235553741455,0.3475179374217987,0.3269539475440979,0.3173365294933319,0.30687591433525085,0.2763700783252716,0.27444595098495483,0.27922308444976807,0.28832149505615234,0.2778133749961853,0.2844676971435547,0.2770746350288391,0.2697266936302185,0.2577562928199768,0.30526143312454224
2075,0.0026659021447430526,427,9,450,0.3343333303928375,0.8174999952316284,0.8713333606719971,0.8863333463668823,0.8970999717712402,0.9031833410263062,0.9057833552360535,0.9113166928291321,0.9157000184059143,0.7646999955177307,0.871399998664856,0.8860999941825867,0.9006999731063843,0.9078999757766724,0.9110000133514404,0.9077000021934509,0.9107999801635742,0.9174000024795532,2.0675485134124756,0.774880051612854,0.4672374129295349,0.3942599594593048,0.3561815023422241,0.33410510420799255,0.3233990967273712,0.30836763978004456,0.29540565609931946,1.2382594347000122,0.5118914842605591,0.40305864810943604,0.3530919849872589,0.32263508439064026,0.3126733899116516,0.3128937780857086,0.29721081256866455,0.2964257597923279
2135,0.004749487573527144,154,13,505,0.6895833611488342,0.8908833265304565,0.9049500226974487,0.9129666686058044,0.9165666699409485,0.9202166795730591,0.9214000105857849,0.9243166446685791,0.9271666407585144,0.9265666604042053,0.9275166392326355,0.9281166791915894,0.9320999979972839,0.8844000101089478,0.9082000255584717,0.9045000076293945,0.9139999747276306,0.9164000153541565,0.9117000102996826,0.9139000177383423,0.9276999831199646,0.9271000027656555,0.9239000082015991,0.9180999994277954,0.9067000150680542,0.9280999898910522,1.0191689729690552,0.36527004837989807,0.3297215700149536,0.3092747926712036,0.29349324107170105,0.28074610233306885,0.2790966033935547,0.2676366865634918,0.2603591978549957,0.2611774206161499,0.25666964054107666,0.2568160891532898,0.24056527018547058,0.378237783908844,0.3144427239894867,0.34420937299728394,0.2945480942726135,0.29799625277519226,0.32618018984794617,0.30050307512283325,0.27824050188064575,0.2835765779018402,0.277164489030838,0.31153711676597595,0.3353140652179718,0.2686310410499573
2120,0.004090181796610016,321,19,665,0.5068666934967041,0.8695166707038879,0.8931833505630493,0.9063500165939331,0.914733350276947,0.9178833365440369,0.9203000068664551,0.92208331823349,0.9247499704360962,0.9286166429519653,0.9263666868209839,0.9277833104133606,0.9306833148002625,0.9311166405677795,0.9301499724388123,0.9319166541099548,0.9322666525840759,0.9329166412353516,0.9337666630744934,0.8519999980926514,0.8960000276565552,0.906000018119812,0.9162999987602234,0.9175000190734863,0.9218000173568726,0.9172000288963318,0.9211999773979187,0.9248999953269958,0.9182000160217285,0.9178000092506409,0.9269000291824341,0.9286999702453613,0.9262999892234802,0.9228000044822693,0.9312000274658203,0.9244999885559082,0.925000011920929,0.9301000237464905,1.6049658060073853,0.4603274464607239,0.36341556906700134,0.32091671228408813,0.3019632399082184,0.290289968252182,0.28089815378189087,0.2763805389404297,0.2689497470855713,0.2584840953350067,0.2601032257080078,0.2558910846710205,0.24733562767505646,0.2454058974981308,0.24524948000907898,0.24053551256656647,0.23835457861423492,0.236754909157753,0.23295272886753082,0.5664982199668884,0.359040230512619,0.3163582384586334,0.2932412326335907,0.2838858664035797,0.28522470593452454,0.2949564456939697,0.28065869212150574,0.2665559947490692,0.2787959575653076,0.2847514748573303,0.2702673673629761,0.25675317645072937,0.2640068233013153,0.2725371718406677,0.24929653108119965,0.2749943733215332,0.2678494155406952,0.2516389489173889
2145,0.001041029230748851,382,11,768,0.18023332953453064,0.6650833487510681,0.8146499991416931,0.8490833044052124,0.8671000003814697,0.8756333589553833,0.8841166496276855,0.8897666931152344,0.8922833204269409,0.8974999785423279,0.8999166488647461,0.3522000014781952,0.8032000064849854,0.8406000137329102,0.8662999868392944,0.8830999732017517,0.8892999887466431,0.8952999711036682,0.8948000073432922,0.9039999842643738,0.9017000198364258,0.9050999879837036,2.254349708557129,1.6002000570297241,0.8788468241691589,0.6114196181297302,0.5033351182937622,0.44671908020973206,0.4107024371623993,0.38482633233070374,0.3693714439868927,0.353971004486084,0.34266772866249084,2.062589168548584,1.1237022876739502,0.6797535419464111,0.5347022414207458,0.45043373107910156,0.40769508481025696,0.37580981850624084,0.36228927969932556,0.34438902139663696,0.34242960810661316,0.3240335285663605
2129,0.0035588627369755725,152,12,221,0.6736833453178406,0.8885499835014343,0.9019166827201843,0.9102500081062317,0.916266679763794,0.9167666435241699,0.920799970626831,0.9235000014305115,0.9255833625793457,0.9261333346366882,0.9264166951179504,0.9306833148002625,0.8812000155448914,0.906000018119812,0.9077000021934509,0.9139999747276306,0.913100004196167,0.9081000089645386,0.9221000075340271,0.925000011920929,0.9236000180244446,0.9121000170707703,0.9294999837875366,0.9301000237464905,1.07295823097229,0.37549835443496704,0.33622410893440247,0.3130936622619629,0.2974257171154022,0.2897628843784332,0.28003692626953125,0.27007704973220825,0.26500678062438965,0.2601830065250397,0.2589791715145111,0.2475581169128418,0.40044018626213074,0.3279377222061157,0.3124349117279053,0.3015507459640503,0.3003833591938019,0.30958226323127747,0.2752971649169922,0.26763731241226196,0.27111122012138367,0.30971333384513855,0.26150479912757874,0.25527673959732056
2165,0.0028433217116315846,323,12,454,0.4654666781425476,0.853950023651123,0.8830166459083557,0.8965833187103271,0.903166651725769,0.9093499779701233,0.9142833352088928,0.9181833267211914,0.9223166704177856,0.9243833422660828,0.9272000193595886,0.9280833601951599,0.8327000141143799,0.8779000043869019,0.8959000110626221,0.910099983215332,0.9100000262260437,0.9178000092506409,0.9207000136375427,0.9107999801635742,0.9189000129699707,0.9264000058174133,0.9264000058174133,0.9223999977111816,1.7499810457229614,0.5536614656448364,0.40522611141204834,0.3543529510498047,0.3300226032733917,0.31311678886413574,0.29923179745674133,0.2892274558544159,0.27556008100509644,0.2705254852771759,0.2622091770172119,0.2596188187599182,0.7412897348403931,0.43917134404182434,0.3539159893989563,0.31138503551483154,0.3080037534236908,0.2978605329990387,0.2820749580860138,0.30745255947113037,0.2838105857372284,0.2671356797218323,0.26488256454467773,0.27198365330696106
2122,0.003312403343846954,418,14,364,0.41491666436195374,0.841866672039032,0.8797333240509033,0.8930333256721497,0.903083324432373,0.9074000120162964,0.9152833223342896,0.917116641998291,0.9226666688919067,0.9229333400726318,0.9242166876792908,0.9266666769981384,0.928516685962677,0.9303666949272156,0.760699987411499,0.8794000148773193,0.8950999975204468,0.9036999940872192,0.9135000109672546,0.9182000160217285,0.913100004196167,0.92330002784729,0.9210000038146973,0.9190999865531921,0.9192000031471252,0.92330002784729,0.9247000217437744,0.9258999824523926,1.9208890199661255,0.6132493019104004,0.416475772857666,0.36614790558815,0.332574725151062,0.31675493717193604,0.29713138937950134,0.29178470373153687,0.2776155471801758,0.27233123779296875,0.2681151330471039,0.2642875909805298,0.25644683837890625,0.25135108828544617,0.9314460158348083,0.4378141164779663,0.3595249056816101,0.33726319670677185,0.29908594489097595,0.2873751223087311,0.2944224774837494,0.2710316777229309,0.2793217599391937,0.28849586844444275,0.2902125120162964,0.2705908417701721,0.2699967622756958,0.2589132487773895
2080,2.3299449485559855e-05,336,12,444,0.11263333261013031,0.11246666312217712,0.11436666548252106,0.11741666495800018,0.12533333897590637,0.1364833265542984,0.13081666827201843,0.14478333294391632,0.15351666510105133,0.1742333322763443,0.1995166689157486,0.21469999849796295,0.11349999904632568,0.11349999904632568,0.11349999904632568,0.11349999904632568,0.15449999272823334,0.11349999904632568,0.11349999904632568,0.21050000190734863,0.11349999904632568,0.16220000386238098,0.23019999265670776,0.21529999375343323,2.3012640476226807,2.2998359203338623,2.2979671955108643,2.2955026626586914,2.293091297149658,2.2898242473602295,2.286194324493408,2.282055139541626,2.2770802974700928,2.2717721462249756,2.265983819961548,2.259330987930298,2.3000364303588867,2.298534870147705,2.2961480617523193,2.2936134338378906,2.290926933288574,2.287031888961792,2.2829856872558594,2.27864933013916,2.2732372283935547,2.2677066326141357,2.2615437507629395,2.2546403408050537
2147,0.003337283984124049,408,9,462,0.40790000557899475,0.8422999978065491,0.8791166543960571,0.8932999968528748,0.9018333554267883,0.9072166681289673,0.913433313369751,0.918066680431366,0.9221000075340271,0.7628999948501587,0.8457000255584717,0.8866000175476074,0.9016000032424927,0.8949000239372253,0.9093000292778015,0.9176999926567078,0.9193999767303467,0.8974999785423279,1.9291390180587769,0.6105218529701233,0.4179913103580475,0.3654748797416687,0.33512404561042786,0.3195483088493347,0.3007147014141083,0.2898774743080139,0.27985620498657227,0.9215084910392761,0.49718037247657776,0.38946229219436646,0.3342747092247009,0.35140225291252136,0.3046221435070038,0.2963816821575165,0.27836844325065613,0.3341652452945709
2148,0.0035188748546093416,336,13,489,0.48373332619667053,0.8643666505813599,0.8877000212669373,0.9019500017166138,0.9078333377838135,0.915149986743927,0.9198166728019714,0.9224166870117188,0.9241999983787537,0.9256500005722046,0.9269000291824341,0.9275500178337097,0.9289666414260864,0.8543000221252441,0.89410001039505,0.8996000289916992,0.910099983215332,0.9100000262260437,0.920199990272522,0.9233999848365784,0.9186000227928162,0.9236000180244446,0.9197999835014343,0.9282000064849854,0.9269999861717224,0.9221000075340271,1.704835057258606,0.5007344484329224,0.3824978172779083,0.33708515763282776,0.31809428334236145,0.2968132495880127,0.28473615646362305,0.2738354504108429,0.27053385972976685,0.2653958797454834,0.26109418272972107,0.25801408290863037,0.2518473267555237,0.6506872773170471,0.38426682353019714,0.3509514331817627,0.3033291697502136,0.3123827874660492,0.2908017337322235,0.27127328515052795,0.2845354974269867,0.2751060128211975,0.28466516733169556,0.2612415552139282,0.26808837056159973,0.2820759415626526
2146,1.137024766715566e-05,276,13,278,0.11106666922569275,0.11236666887998581,0.1125333309173584,0.11856666952371597,0.11238333582878113,0.11243333667516708,0.12818333506584167,0.11238333582878113,0.12351666390895844,0.11580000072717667,0.132750004529953,0.14611667394638062,0.13824999332427979,0.11349999904632568,0.11349999904632568,0.11349999904632568,0.11349999904632568,0.11349999904632568,0.11349999904632568,0.11349999904632568,0.11349999904632568,0.11349999904632568,0.11349999904632568,0.20509999990463257,0.1137000024318695,0.25920000672340393,2.301145076751709,2.3000035285949707,2.298830032348633,2.297319173812866,2.295870780944824,2.294231414794922,2.292356491088867,2.2904341220855713,2.2883338928222656,2.2860448360443115,2.2836735248565674,2.2809338569641113,2.278252601623535,2.3001692295074463,2.2989799976348877,2.2976248264312744,2.296473264694214,2.295050859451294,2.2929749488830566,2.2908592224121094,2.288573741912842,2.2864229679107666,2.2842001914978027,2.2816905975341797,2.278843879699707,2.276256561279297
2119,0.003226682788742642,274,7,433,0.5215333104133606,0.8668500185012817,0.8903999924659729,0.901449978351593,0.9065999984741211,0.9119333624839783,0.9172333478927612,0.8496999740600586,0.8913999795913696,0.9061999917030334,0.9107999801635742,0.909500002861023,0.9229999780654907,0.9230999946594238,1.5804319381713867,0.4789535105228424,0.37486204504966736,0.3378414511680603,0.3213665187358856,0.30468878149986267,0.29135438799858093,0.5974680781364441,0.37521231174468994,0.3250811696052551,0.3125845789909363,0.3108930289745331,0.27467256784439087,0.27927908301353455
1978,0.0011656622405064171,116,6,898,0.5260999798774719,0.8612499833106995,0.8872166872024536,0.8967333436012268,0.9047499895095825,0.9091166853904724,0.8424000144004822,0.8910999894142151,0.9002000093460083,0.9085999727249146,0.9124000072479248,0.9156000018119812,1.5659133195877075,0.515026330947876,0.39173850417137146,0.3508794605731964,0.32907360792160034,0.31330129504203796,0.6606952548027039,0.3928838074207306,0.34879088401794434,0.3185316324234009,0.30209413170814514,0.29829901456832886
2137,0.0034124307420162173,220,12,512,0.5929666757583618,0.8768500089645386,0.8951333165168762,0.9067833423614502,0.9124000072479248,0.9171000123023987,0.9225333333015442,0.9222999811172485,0.9243333339691162,0.9265833497047424,0.9276666641235352,0.9319666624069214,0.8719000220298767,0.8914999961853027,0.9108999967575073,0.9139000177383423,0.9164000153541565,0.9207000136375427,0.9226999878883362,0.9215999841690063,0.9208999872207642,0.9264000058174133,0.9262999892234802,0.9226999878883362,1.3605905771255493,0.4227387011051178,0.35456252098083496,0.32280975580215454,0.30599331855773926,0.29265937209129333,0.2779943346977234,0.2771700322628021,0.26735731959342957,0.25997310876846313,0.2558821737766266,0.2471233457326889,0.4835784137248993,0.37995362281799316,0.3069518208503723,0.29914364218711853,0.28788137435913086,0.27848559617996216,0.27641719579696655,0.2811245918273926,0.27507859468460083,0.2628188133239746,0.26061463356018066,0.2749733030796051
2134,0.0034913461509644777,366,9,481,0.4537999927997589,0.8565166592597961,0.8875666856765747,0.8993499875068665,0.9071999788284302,0.9125166535377502,0.9161499738693237,0.9215666651725769,0.9233499765396118,0.814300000667572,0.8888999819755554,0.90420001745224,0.9036999940872192,0.9124000072479248,0.9169999957084656,0.9200000166893005,0.9190000295639038,0.9240999817848206,1.8199669122695923,0.5332619547843933,0.38600900769233704,0.3455958366394043,0.3204007148742676,0.3061077892780304,0.2921217978000641,0.27708151936531067,0.27260735630989075,0.758393406867981,0.40031129121780396,0.3367288112640381,0.3223932683467865,0.3044588565826416,0.29529955983161926,0.276812344789505,0.283724844455719,0.27515241503715515
2067,0.0035848521174134183,266,13,633,0.5407333374023438,0.873533308506012,0.8960833549499512,0.9060333371162415,0.9115833044052124,0.916450023651123,0.918066680431366,0.9212499856948853,0.9237833619117737,0.9247166514396667,0.9254666566848755,0.9276333451271057,0.9294166564941406,0.8654000163078308,0.892300009727478,0.909500002861023,0.9156000018119812,0.9154000282287598,0.9156000018119812,0.9205999970436096,0.9186000227928162,0.9262999892234802,0.9215999841690063,0.9243000149726868,0.921500027179718,0.9283000230789185,1.5030525922775269,0.44122016429901123,0.3535188138484955,0.3241916596889496,0.3061603903770447,0.29244694113731384,0.28599074482917786,0.2798004448413849,0.2713291645050049,0.26582545042037964,0.2624610662460327,0.25737425684928894,0.2506168484687805,0.532797634601593,0.364345520734787,0.3199305534362793,0.29294973611831665,0.30004018545150757,0.303293913602829,0.28485769033432007,0.27972090244293213,0.26738810539245605,0.2748206555843353,0.26889005303382874,0.2830861210823059,0.2592068016529083
2151,0.003016029079058192,417,15,493,0.38100001215934753,0.8303999900817871,0.8758166432380676,0.8919000029563904,0.9011499881744385,0.9083666801452637,0.9129166603088379,0.9184333086013794,0.9220333099365234,0.9243333339691162,0.9244499802589417,0.9269833564758301,0.9279000163078308,0.9275166392326355,0.9292166829109192,0.7791000008583069,0.8763999938964844,0.890999972820282,0.9085999727249146,0.9136000275611877,0.9169999957084656,0.9207000136375427,0.9174000024795532,0.9243999719619751,0.9211999773979187,0.9277999997138977,0.9236000180244446,0.9199000000953674,0.9265999794006348,0.9254000186920166,1.9929754734039307,0.6803466081619263,0.4366709887981415,0.3741374909877777,0.33817026019096375,0.3140958249568939,0.3029751479625702,0.28731322288513184,0.2790977656841278,0.2725852131843567,0.2674461901187897,0.26184526085853577,0.2567944824695587,0.2602493464946747,0.25226134061813354,1.0708204507827759,0.4723467230796814,0.37813231348991394,0.32744359970092773,0.3087090849876404,0.2914346754550934,0.2832082509994507,0.28201866149902344,0.26564761996269226,0.2725360691547394,0.26257777214050293,0.27434083819389343,0.2804441452026367,0.26833006739616394,0.26371797919273376
2025,0.02331008839236812,199,9,513,0.721666693687439,0.8980666399002075,0.9077666401863098,0.9025333523750305,0.9090999960899353,0.9052166938781738,0.9069833159446716,0.9126333594322205,0.9113500118255615,0.899399995803833,0.9079999923706055,0.9193000197410583,0.9182000160217285,0.9114999771118164,0.8443999886512756,0.9175999760627747,0.9168000221252441,0.88919997215271,2.70583438873291,0.35102376341819763,0.3259914815425873,0.3562955856323242,0.3431880474090576,0.3679644763469696,0.38918542861938477,0.3667275905609131,0.3828626871109009,0.34391164779663086,0.333698034286499,0.3037567436695099,0.30976930260658264,0.37461715936660767,0.6581886410713196,0.38223886489868164,0.3771727383136749,0.5364651083946228
2140,0.022908122152191734,328,13,343,0.6412333250045776,0.9012333154678345,0.9120333194732666,0.9167333245277405,0.9167333245277405,0.9203000068664551,0.9133833050727844,0.9276999831199646,0.9275833368301392,0.9197499752044678,0.9269333481788635,0.9195666909217834,0.9196333289146423,0.8798999786376953,0.917900025844574,0.9190999865531921,0.9075999855995178,0.9175000190734863,0.8984000086784363,0.9176999926567078,0.9210000038146973,0.9236000180244446,0.916100025177002,0.9189000129699707,0.9304999709129333,0.9254000186920166,3.850162982940674,0.3392423391342163,0.3116682469844818,0.2941572368144989,0.29574641585350037,0.28178033232688904,0.3091253340244293,0.26321902871131897,0.25894787907600403,0.2935502827167511,0.2678181231021881,0.2974421977996826,0.3025970160961151,0.38146087527275085,0.28900519013404846,0.28440484404563904,0.32180455327033997,0.29072630405426025,0.35106852650642395,0.312444269657135,0.2947457730770111,0.312063992023468,0.34823179244995117,0.31020164489746094,0.29551973938941956,0.31815871596336365
2161,0.0031537874471287927,254,13,865,0.5269666910171509,0.8696500062942505,0.892300009727478,0.9017000198364258,0.9112833142280579,0.9173666834831238,0.9222666621208191,0.9243333339691162,0.9260166883468628,0.9275500178337097,0.9287999868392944,0.9301166534423828,0.9293500185012817,0.8540999889373779,0.8942000269889832,0.9039000272750854,0.9164999723434448,0.9200999736785889,0.9186999797821045,0.9169999957084656,0.9204999804496765,0.9165999889373779,0.9190999865531921,0.9311000108718872,0.9205999970436096,0.9287999868392944,1.5545549392700195,0.462146520614624,0.36620357632637024,0.334318071603775,0.30763930082321167,0.29256966710090637,0.2783590257167816,0.2714369595050812,0.2665521502494812,0.259197473526001,0.25288650393486023,0.2495652437210083,0.24873217940330505,0.5858949422836304,0.369040846824646,0.3387896716594696,0.29344871640205383,0.28385818004608154,0.28585267066955566,0.2880495488643646,0.296517550945282,0.2928948998451233,0.2878352701663971,0.25339263677597046,0.28038373589515686,0.25852999091148376
2168,0.0030786402015196726,400,14,73,0.4704166650772095,0.8491166830062866,0.8835166692733765,0.8941333293914795,0.9031000137329102,0.9080833196640015,0.9102833271026611,0.9133999943733215,0.9146666526794434,0.9170666933059692,0.918749988079071,0.9215166568756104,0.9223999977111816,0.9240666627883911,0.8306999802589417,0.8855000138282776,0.892300009727478,0.9078999757766724,0.911300003528595,0.9126999974250793,0.9179999828338623,0.9187999963760376,0.9180999994277954,0.9189000129699707,0.920799970626831,0.9239000082015991,0.9186000227928162,0.9211999773979187,1.816085934638977,0.5735800266265869,0.40481317043304443,0.36118340492248535,0.33304011821746826,0.3169194459915161,0.3100084066390991,0.30050960183143616,0.2973017394542694,0.2903416156768799,0.28504806756973267,0.27904999256134033,0.2751733660697937,0.2724550664424896,0.8152222633361816,0.41963252425193787,0.3651988208293915,0.3186401426792145,0.3090652823448181,0.29733002185821533,0.288631796836853,0.2867068648338318,0.28009164333343506,0.28709280490875244,0.28362834453582764,0.2752881944179535,0.29072076082229614,0.2739788889884949
2144,0.0035545955911370133,396,17,675,0.413349986076355,0.8499833345413208,0.8831666707992554,0.8966666460037231,0.9056833386421204,0.9108833074569702,0.9167666435241699,0.9192833304405212,0.921916663646698,0.9249333143234253,0.9248499870300293,0.9271833300590515,0.9290833473205566,0.927566647529602,0.932533323764801,0.9300000071525574,0.930983304977417,0.832099974155426,0.8841999769210815,0.8974999785423279,0.911899983882904,0.9143000245094299,0.9165999889373779,0.9232000112533569,0.9180999994277954,0.9226999878883362,0.9243999719619751,0.9228000044822693,0.925000011920929,0.9269000291824341,0.9264000058174133,0.9301999807357788,0.9248999953269958,0.927299976348877,1.9196808338165283,0.5747069120407104,0.40220579504966736,0.3519706726074219,0.3257172703742981,0.30894342064857483,0.2924335300922394,0.2839355170726776,0.27907702326774597,0.26907697319984436,0.2655881941318512,0.26010507345199585,0.2532738745212555,0.2542508542537689,0.24458231031894684,0.2498159408569336,0.24434123933315277,0.8326219916343689,0.42495766282081604,0.3562707304954529,0.3101094365119934,0.30656152963638306,0.29308217763900757,0.2748653292655945,0.28218552470207214,0.27889713644981384,0.2746138572692871,0.2862611711025238,0.26638755202293396,0.26895835995674133,0.26459506154060364,0.25908905267715454,0.2675032913684845,0.26574426889419556
2107,2.0912553430212657e-05,298,13,358,0.11113333702087402,0.11886666715145111,0.1234833300113678,0.12389999628067017,0.117616668343544,0.13331666588783264,0.12833333015441895,0.15396666526794434,0.17908333241939545,0.18583333492279053,0.23569999635219574,0.24196666479110718,0.2565999925136566,0.11349999904632568,0.19930000603199005,0.11349999904632568,0.11349999904632568,0.23309999704360962,0.15620000660419464,0.11569999903440475,0.2150000035762787,0.2865000069141388,0.32710000872612,0.26179999113082886,0.2362000048160553,0.4106999933719635,2.3014333248138428,2.299424409866333,2.297368049621582,2.2950668334960938,2.291917562484741,2.288597345352173,2.2846198081970215,2.2802698612213135,2.275179386138916,2.2696585655212402,2.2635037899017334,2.2568142414093018,2.249351739883423,2.3005521297454834,2.298126220703125,2.2958548069000244,2.2928216457366943,2.290059804916382,2.285712242126465,2.281475305557251,2.276832103729248,2.2720179557800293,2.2658908367156982,2.2592251300811768,2.2519500255584717,2.243755340576172
2076,0.0049839589695479854,390,12,671,0.4596666693687439,0.8665833473205566,0.894349992275238,0.9065166711807251,0.9141499996185303,0.91839998960495,0.9215499758720398,0.92576664686203,0.9268666505813599,0.9284166693687439,0.9299666881561279,0.9306833148002625,0.8271999955177307,0.8871999979019165,0.9050999879837036,0.9126999974250793,0.914900004863739,0.9156000018119812,0.9244999885559082,0.9239000082015991,0.9221000075340271,0.9251999855041504,0.9261000156402588,0.9180999994277954,1.84392249584198,0.48027142882347107,0.36101004481315613,0.3213978111743927,0.30110546946525574,0.2891552448272705,0.27878645062446594,0.2649238109588623,0.2609042823314667,0.2547227442264557,0.2504318952560425,0.24819757044315338,0.6423647403717041,0.3754093050956726,0.32108697295188904,0.30352145433425903,0.3081200122833252,0.3009827435016632,0.2679579257965088,0.2700684666633606,0.2776981294155121,0.27394771575927734,0.26386624574661255,0.287118136882782
2091,0.0029511302390515626,423,15,539,0.3837166726589203,0.8357166647911072,0.87336665391922,0.8907333612442017,0.8988500237464905,0.9045166373252869,0.909600019454956,0.9153500199317932,0.9185000061988831,0.9214333295822144,0.9243333339691162,0.9246666431427002,0.9266666769981384,0.9273166656494141,0.9280999898910522,0.7867000102996826,0.8715000152587891,0.8873000144958496,0.900600016117096,0.907800018787384,0.9104999899864197,0.9146999716758728,0.9124000072479248,0.9178000092506409,0.9187999963760376,0.9258999824523926,0.9244999885559082,0.9226999878883362,0.9232000112533569,0.9230999946594238,1.9922956228256226,0.6809638142585754,0.4411790072917938,0.3751622438430786,0.34748876094818115,0.3263411223888397,0.3108659088611603,0.2978889048099518,0.28899118304252625,0.27980127930641174,0.2717316150665283,0.2694253623485565,0.2622400224208832,0.2612244188785553,0.25598326325416565,1.0658681392669678,0.47669342160224915,0.3884890377521515,0.33590131998062134,0.3148796260356903,0.30356213450431824,0.29197877645492554,0.2939470708370209,0.28554749488830566,0.280971884727478,0.2668294608592987,0.27252793312072754,0.27623215317726135,0.27264073491096497,0.27073460817337036
2108,0.0031348489103672095,365,13,449,0.4401833415031433,0.8501166701316833,0.8797666430473328,0.8963500261306763,0.9043333530426025,0.909583330154419,0.9164166450500488,0.9168499708175659,0.9226666688919067,0.9257000088691711,0.9261833429336548,0.9271833300590515,0.9284833073616028,0.8224999904632568,0.8830999732017517,0.89410001039505,0.9071999788284302,0.9135000109672546,0.9161999821662903,0.9150000214576721,0.914900004863739,0.9217000007629395,0.9218000173568726,0.9235000014305115,0.9251999855041504,0.9265999794006348,1.8553935289382935,0.5765624642372131,0.4117034375667572,0.3552294373512268,0.3309357762336731,0.31406888365745544,0.29420363903045654,0.29315081238746643,0.27523159980773926,0.26709818840026855,0.26242125034332275,0.2609153091907501,0.25446563959121704,0.8244823217391968,0.4243452548980713,0.3620149791240692,0.31774842739105225,0.30520907044410706,0.29045361280441284,0.3027205765247345,0.29384174942970276,0.27995333075523376,0.2825968563556671,0.27453210949897766,0.2684648334980011,0.2634192109107971
1964,0.004738992897333349,428,11,648,0.4454500079154968,0.8612333536148071,0.8902999758720398,0.9018833041191101,0.9117666482925415,0.9155666828155518,0.9176166653633118,0.9209833145141602,0.9236166477203369,0.9243833422660828,0.9272000193595886,0.8176000118255615,0.8881999850273132,0.8999999761581421,0.9111999869346619,0.9114999771118164,0.9136999845504761,0.9121000170707703,0.9230999946594238,0.9246000051498413,0.9243999719619751,0.9257000088691711,1.8437316417694092,0.505592942237854,0.37188106775283813,0.33493322134017944,0.30696380138397217,0.29594314098358154,0.28944966197013855,0.2814396917819977,0.27100223302841187,0.2686365246772766,0.2611892521381378,0.7119728326797485,0.39495694637298584,0.3475629389286041,0.3048870265483856,0.30308085680007935,0.29520002007484436,0.30384692549705505,0.2748408317565918,0.27070263028144836,0.27320942282676697,0.26944872736930847
2127,0.003119571736553035,287,14,891,0.4899166524410248,0.8614333271980286,0.8883666396141052,0.9003499746322632,0.9103166460990906,0.9171500205993652,0.9209666848182678,0.9230499863624573,0.9244833588600159,0.9271000027656555,0.9272500276565552,0.9279833436012268,0.9307000041007996,0.932616651058197,0.8187000155448914,0.888700008392334,0.8927000164985657,0.9020000100135803,0.9114999771118164,0.9180999994277954,0.9146999716758728,0.9128000140190125,0.9074000120162964,0.9059000015258789,0.9217000007629395,0.9136000275611877,0.9257000088691711,0.9196000099182129,1.6668485403060913,0.49584800004959106,0.3796634078025818,0.3388366997241974,0.31140634417533875,0.2933071553707123,0.2787033021450043,0.272161066532135,0.267381876707077,0.2600017786026001,0.25821295380592346,0.2552200257778168,0.24973364174365997,0.2441910207271576,0.6663845181465149,0.3932841122150421,0.3564049303531647,0.33256494998931885,0.3113872706890106,0.286013126373291,0.3003445267677307,0.31643566489219666,0.3143194913864136,0.32133397459983826,0.28666847944259644,0.3129424750804901,0.2652928829193115,0.2893020212650299
2141,0.0032831626219947696,195,14,414,0.6093666553497314,0.8799333572387695,0.898983359336853,0.9089999794960022,0.9137333035469055,0.9188833236694336,0.9211166501045227,0.9230333566665649,0.925516664981842,0.9281666874885559,0.9281666874885559,0.9302666783332825,0.9293000102043152,0.9307166934013367,0.862500011920929,0.8974000215530396,0.9146999716758728,0.9172000288963318,0.920199990272522,0.9236000180244446,0.9247000217437744,0.9182999730110168,0.9229999780654907,0.9254000186920166,0.9257000088691711,0.9222000241279602,0.923799991607666,0.923799991607666,1.2889704704284668,0.410584419965744,0.3417399525642395,0.31503283977508545,0.30339157581329346,0.2848889231681824,0.27936381101608276,0.2727142572402954,0.26911187171936035,0.25887709856033325,0.254960834980011,0.24996346235275269,0.25247517228126526,0.24574610590934753,0.48564815521240234,0.3420363664627075,0.29369521141052246,0.2830639183521271,0.27858856320381165,0.27560070157051086,0.2756602168083191,0.2799082398414612,0.27333423495292664,0.2738338112831116,0.2690451145172119,0.2895581126213074,0.29131442308425903,0.2775786817073822
1806,0.0036182404782053434,196,16,869,0.6045500040054321,0.8804166913032532,0.9030500054359436,0.9127166867256165,0.9180333614349365,0.9212666749954224,0.9246666431427002,0.9261166453361511,0.9268666505813599,0.927216649055481,0.9312000274658203,0.9282000064849854,0.9310500025749207,0.9333500266075134,0.9343166947364807,0.9336833357810974,0.8659999966621399,0.9060999751091003,0.9010000228881836,0.9067999720573425,0.9085000157356262,0.916100025177002,0.9218000173568726,0.906499981880188,0.923799991607666,0.9187999963760376,0.9276999831199646,0.9180999994277954,0.8948000073432922,0.9215999841690063,0.920799970626831,0.9185000061988831,1.3033533096313477,0.40422558784484863,0.33291614055633545,0.3049320876598358,0.28763723373413086,0.2773923873901367,0.26956281065940857,0.2666240930557251,0.25745803117752075,0.2558216452598572,0.24712757766246796,0.250022292137146,0.24448563158512115,0.2383919507265091,0.23370350897312164,0.23393882811069489,0.4739016592502594,0.3232559561729431,0.32446807622909546,0.3404799997806549,0.32219043374061584,0.30924302339553833,0.2781941890716553,0.32068634033203125,0.2883877754211426,0.2884101867675781,0.26404261589050293,0.30776724219322205,0.34659844636917114,0.28480860590934753,0.2866233289241791,0.2944657504558563
2167,0.0010844523977252994,315,13,488,0.2579333186149597,0.7531333565711975,0.8394500017166138,0.8647000193595886,0.8779500126838684,0.8856499791145325,0.892549991607666,0.8977000117301941,0.9016333222389221,0.9046666622161865,0.906499981880188,0.9093166589736938,0.9121833443641663,0.6194999814033508,0.7835999727249146,0.870199978351593,0.8788999915122986,0.8901000022888184,0.8974000215530396,0.8996000289916992,0.9049999713897705,0.9118000268936157,0.9110999703407288,0.9140999913215637,0.9154000282287598,0.9133999943733215,2.1955769062042236,1.2727335691452026,0.6793646216392517,0.5083657503128052,0.43801212310791016,0.3973299562931061,0.3706020414829254,0.3544715642929077,0.3389415740966797,0.3295678496360779,0.3229927718639374,0.3128967583179474,0.306178480386734,1.8186343908309937,0.8472764492034912,0.5387014150619507,0.44438856840133667,0.3950021266937256,0.36202847957611084,0.3451329171657562,0.3293278217315674,0.31370630860328674,0.30659809708595276,0.3020399510860443,0.30297818779945374,0.2994031608104706
2164,0.0029275101761592026,186,6,407,0.6101999878883362,0.8805166482925415,0.8985166549682617,0.9079166650772095,0.916616678237915,0.9177833199501038,0.8665000200271606,0.8995000123977661,0.909500002861023,0.9182000160217285,0.9229000210762024,0.9157000184059143,1.3141897916793823,0.4111694097518921,0.3447575271129608,0.3167744576931,0.29578685760498047,0.2914953827857971,0.4690118134021759,0.3450604975223541,0.31790679693222046,0.28451988101005554,0.274990439414978,0.2926885187625885
2114,0.00338148120686231,239,18,348,0.5708666443824768,0.8760666847229004,0.8969333171844482,0.9050333499908447,0.9073666930198669,0.9187333583831787,0.9203333258628845,0.9217333197593689,0.9251833558082581,0.9231666922569275,0.9265833497047424,0.926716685295105,0.9296166896820068,0.9303333163261414,0.9289166927337646,0.9285333156585693,0.9334166646003723,0.9349666833877563,0.8513000011444092,0.8962000012397766,0.9021000266075134,0.861299991607666,0.9160000085830688,0.9204999804496765,0.9156000018119812,0.9217000007629395,0.921500027179718,0.8950999975204468,0.9194999933242798,0.9294999837875366,0.9165999889373779,0.9275000095367432,0.8885999917984009,0.9265999794006348,0.930400013923645,0.9169999957084656,1.4287768602371216,0.4308762550354004,0.35206520557403564,0.32509130239486694,0.32000505924224854,0.28938597440719604,0.28363165259361267,0.27724283933639526,0.26743802428245544,0.26898548007011414,0.26015767455101013,0.258404403924942,0.25121262669563293,0.24802710115909576,0.25171831250190735,0.2486734539270401,0.23611938953399658,0.23094923794269562,0.5265082716941833,0.35896724462509155,0.3277595639228821,0.44639068841934204,0.30362042784690857,0.29130274057388306,0.29380136728286743,0.2807769775390625,0.2891733944416046,0.34491437673568726,0.2914590537548065,0.2647756338119507,0.2979332208633423,0.2605648934841156,0.3707716763019562,0.26562944054603577,0.2524477243423462,0.2975621819496155
2102,0.002671855537973674,507,12,380,0.3217333257198334,0.8055499792098999,0.8668833374977112,0.8813166618347168,0.8920166492462158,0.8991833329200745,0.9052833318710327,0.9083166718482971,0.9106500148773193,0.9150000214576721,0.9169333577156067,0.9219499826431274,0.6851999759674072,0.8633999824523926,0.8772000074386597,0.8924000263214111,0.9046000242233276,0.9049000144004822,0.9139999747276306,0.9075999855995178,0.914900004863739,0.917900025844574,0.9150999784469604,0.9211000204086304,2.1770622730255127,0.9116384983062744,0.494365394115448,0.4098680913448334,0.3685092628002167,0.3445877134799957,0.32505881786346436,0.31560787558555603,0.3073384761810303,0.2946825921535492,0.29110923409461975,0.2785971760749817,1.5333340167999268,0.5571598410606384,0.4305664002895355,0.36751800775527954,0.33866503834724426,0.3214172422885895,0.30008772015571594,0.31539496779441833,0.29621732234954834,0.2848731577396393,0.30576661229133606,0.2741371691226959
2131,0.0025016545047649927,195,10,313,0.5680166482925415,0.8754666447639465,0.8952833414077759,0.9038166403770447,0.9103500247001648,0.9138500094413757,0.9177333116531372,0.9206833243370056,0.9224166870117188,0.9225500226020813,0.864799976348877,0.8992000222206116,0.9032999873161316,0.9125999808311462,0.9204999804496765,0.9160000085830688,0.9160000085830688,0.9146999716758728,0.9221000075340271,0.927299976348877,1.4310675859451294,0.4410799741744995,0.35894879698753357,0.33037376403808594,0.31179556250572205,0.30179938673973083,0.2911665141582489,0.2800278663635254,0.2767118215560913,0.2735135853290558,0.5203253626823425,0.3552565276622772,0.338696151971817,0.3062945008277893,0.2795105576515198,0.28735804557800293,0.2941644489765167,0.3095053434371948,0.2745682895183563,0.2632083594799042
2166,0.0036853491684347415,431,13,266,0.4330500066280365,0.8441166877746582,0.8817166686058044,0.8964666724205017,0.9050999879837036,0.9114166498184204,0.914816677570343,0.9186499714851379,0.921833336353302,0.9225166440010071,0.9259833097457886,0.9279666543006897,0.928683340549469,0.7745000123977661,0.868399977684021,0.8952999711036682,0.9068999886512756,0.9144999980926514,0.919700026512146,0.9162999987602234,0.9103000164031982,0.9228000044822693,0.9200000166893005,0.9248999953269958,0.9168000221252441,0.9247999787330627,1.9144314527511597,0.5873425602912903,0.4078778624534607,0.3549824655056,0.32686060667037964,0.3092137575149536,0.29764026403427124,0.28677377104759216,0.27799782156944275,0.2736228108406067,0.2651709020137787,0.25989797711372375,0.25474250316619873,0.8970641493797302,0.44417163729667664,0.3590677082538605,0.32680565118789673,0.30028361082077026,0.28857120871543884,0.2937759757041931,0.31852445006370544,0.2739173173904419,0.2826988101005554,0.26244229078292847,0.29057344794273376,0.2713455855846405
2110,0.002241784025929676,406,12,465,0.3326333463191986,0.8122333288192749,0.8660833239555359,0.8837166428565979,0.8939999938011169,0.8998166918754578,0.9063166379928589,0.9103000164031982,0.9139500260353088,0.9194666743278503,0.9210000038146973,0.9224333167076111,0.7146999835968018,0.870199978351593,0.8867999911308289,0.901199996471405,0.9070000052452087,0.9072999954223633,0.9125000238418579,0.9133999943733215,0.920199990272522,0.9208999872207642,0.9225999712944031,0.9225999712944031,2.0890705585479736,0.8377894163131714,0.486986368894577,0.4042624533176422,0.3637709617614746,0.3433722257614136,0.3231066167354584,0.31141385436058044,0.2994404733181,0.28677451610565186,0.2801471948623657,0.27499839663505554,1.3649063110351562,0.5332721471786499,0.4047960937023163,0.35441768169403076,0.325601190328598,0.31776532530784607,0.30251288414001465,0.2977539896965027,0.28692322969436646,0.2757704555988312,0.28048020601272583,0.2729584574699402
2085,0.0032734208063403413,183,14,412,0.6190166473388672,0.8814166784286499,0.9007999897003174,0.911549985408783,0.9182666540145874,0.9193166494369507,0.9225000143051147,0.9227166771888733,0.9259166717529297,0.926883339881897,0.9289666414260864,0.9287999868392944,0.9303666949272156,0.9334999918937683,0.8805999755859375,0.904699981212616,0.9052000045776367,0.9172000288963318,0.909600019454956,0.9115999937057495,0.9068999886512756,0.9171000123023987,0.9208999872207642,0.9211000204086304,0.9243999719619751,0.930400013923645,0.9325000047683716,0.9316999912261963,1.2410601377487183,0.4013276696205139,0.3393470048904419,0.30991101264953613,0.2901105582714081,0.2861122786998749,0.2752040922641754,0.27243107557296753,0.26394444704055786,0.26211312413215637,0.2519156336784363,0.25121256709098816,0.24698933959007263,0.23873893916606903,0.4371070861816406,0.33694297075271606,0.3292422294616699,0.29281455278396606,0.3024764657020569,0.30245789885520935,0.3376317024230957,0.2957055866718292,0.27760443091392517,0.2824930250644684,0.27155622839927673,0.2578963339328766,0.24906465411186218,0.2459285706281662
2073,0.0035418539888060806,361,17,857,0.43799999356269836,0.8567666411399841,0.8862833380699158,0.8995500206947327,0.9087166786193848,0.9159666895866394,0.921750009059906,0.9241499900817871,0.9246833324432373,0.9265666604042053,0.9296166896820068,0.9289833307266235,0.9311000108718872,0.9312666654586792,0.9326666593551636,0.9314166903495789,0.9327499866485596,0.8359000086784363,0.8865000009536743,0.8966000080108643,0.90420001745224,0.9228000044822693,0.919700026512146,0.9203000068664551,0.9243000149726868,0.9275000095367432,0.9251000285148621,0.923799991607666,0.9269999861717224,0.9241999983787537,0.9254000186920166,0.9307000041007996,0.9311000108718872,0.9257000088691711,1.8316384553909302,0.534685492515564,0.3885357081890106,0.34198886156082153,0.3164730668067932,0.2941409945487976,0.2784213721752167,0.2722955048084259,0.267322301864624,0.2619918882846832,0.2535739541053772,0.2532939910888672,0.24754835665225983,0.24518480896949768,0.2441958785057068,0.24397531151771545,0.24051736295223236,0.7481628656387329,0.40378081798553467,0.3489637076854706,0.3240794539451599,0.27993398904800415,0.27958130836486816,0.2818585932254791,0.2785281538963318,0.2677977681159973,0.27676376700401306,0.2718222439289093,0.26207688450813293,0.272167831659317,0.27030107378959656,0.2552950084209442,0.25002431869506836,0.2627395689487457
2142,1e-05,334,10,483,0.11180000007152557,0.11236666887998581,0.11236666887998581,0.11236666887998581,0.11236666887998581,0.11686666309833527,0.11236666887998581,0.11236666887998581,0.1137833297252655,0.11720000207424164,0.11349999904632568,0.11349999904632568,0.11349999904632568,0.11349999904632568,0.11349999904632568,0.11349999904632568,0.11349999904632568,0.11349999904632568,0.11349999904632568,0.11349999904632568,2.3012561798095703,2.3007633686065674,2.3001441955566406,2.2995636463165283,2.298851251602173,2.2980968952178955,2.2972493171691895,2.296245813369751,2.295369863510132,2.294271945953369,2.3006091117858887,2.300039052963257,2.299614667892456,2.2986502647399902,2.298311471939087,2.2970850467681885,2.2962121963500977,2.2952537536621094,2.2946434020996094,2.2933502197265625
2128,0.003330871398367473,378,8,485,0.45553332567214966,0.8515166640281677,0.8815333247184753,0.8932833075523376,0.9021833539009094,0.9074500203132629,0.9123499989509583,0.9165999889373779,0.8202999830245972,0.8828999996185303,0.8924000263214111,0.9061999917030334,0.9016000032424927,0.9151999950408936,0.9128000140190125,0.9164000153541565,1.7909424304962158,0.5600782036781311,0.4059258699417114,0.36052992939949036,0.33480894565582275,0.3180359899997711,0.3049866855144501,0.29292404651641846,0.78116774559021,0.4174358546733856,0.36366862058639526,0.3201180398464203,0.32255789637565613,0.2995842695236206,0.3026145100593567,0.28052276372909546
2150,0.0032866696575385513,202,7,848,0.5939499735832214,0.8799499869346619,0.8978999853134155,0.9089333415031433,0.9157500267028809,0.9167500138282776,0.9204666614532471,0.8725000023841858,0.8697999715805054,0.9146999716758728,0.9077000021934509,0.9114000201225281,0.9018999934196472,0.9214000105857849,1.3348513841629028,0.4153689444065094,0.34920209646224976,0.3173358142375946,0.296335905790329,0.29253652691841125,0.2825799882411957,0.47369107604026794,0.4278058111667633,0.3006010353565216,0.31543663144111633,0.3024801015853882,0.33002081513404846,0.28595826029777527
2058,0.0033750729938021033,350,13,126,0.5028333067893982,0.8593666553497314,0.8872166872024536,0.8999666571617126,0.9078999757766724,0.9146166443824768,0.9186999797821045,0.9193000197410583,0.9235000014305115,0.9235166907310486,0.9242666959762573,0.9253166913986206,0.9256500005722046,0.8492000102996826,0.8804000020027161,0.9045000076293945,0.9121000170707703,0.9121000170707703,0.9151999950408936,0.9211000204086304,0.9142000079154968,0.9197999835014343,0.9228000044822693,0.9244999885559082,0.9199000000953674,0.9233999848365784,1.6867437362670898,0.5197663307189941,0.38591673970222473,0.34046369791030884,0.31825634837150574,0.3007495701313019,0.28847643733024597,0.28470712900161743,0.27327296137809753,0.2704539895057678,0.26912736892700195,0.2683306932449341,0.2614448666572571,0.6730878949165344,0.4057866930961609,0.3320869207382202,0.3088272511959076,0.299846887588501,0.29630303382873535,0.27865850925445557,0.29619988799095154,0.28040167689323425,0.26980581879615784,0.2777920663356781,0.2886660695075989,0.26797327399253845
2153,0.003700357081185011,360,5,375,0.48855000734329224,0.8605333566665649,0.8896333575248718,0.899399995803833,0.9073166847229004,0.8104000091552734,0.8921999931335449,0.9031000137329102,0.9103999733924866,0.9180999994277954,1.6945655345916748,0.5058156847953796,0.37980303168296814,0.34346339106559753,0.31886643171310425,0.7092663645744324,0.37909582257270813,0.3337025046348572,0.30930718779563904,0.2860526442527771
2057,0.003585801270173419,322,12,628,0.4998833239078522,0.8655499815940857,0.8907999992370605,0.899150013923645,0.9093999862670898,0.9162999987602234,0.9190999865531921,0.9240333437919617,0.9247833490371704,0.9272833466529846,0.9293333292007446,0.9304166436195374,0.830299973487854,0.8924999833106995,0.8827000260353088,0.9096999764442444,0.913100004196167,0.9182000160217285,0.9200000166893005,0.920199990272522,0.9232000112533569,0.9266999959945679,0.9204000234603882,0.9129999876022339,1.6503592729568481,0.48215430974960327,0.3731190860271454,0.3414888083934784,0.3144357204437256,0.2945012152194977,0.2840532958507538,0.27025923132896423,0.26668184995651245,0.26122045516967773,0.2540079951286316,0.2514442205429077,0.6236159205436707,0.38099923729896545,0.37229710817337036,0.31620389223098755,0.29628878831863403,0.28473570942878723,0.2922092080116272,0.27881237864494324,0.27452215552330017,0.2624223828315735,0.2903994917869568,0.3080421984195709
2155,0.0046988784161193405,404,13,132,0.5074333548545837,0.866349995136261,0.89083331823349,0.901533305644989,0.9086499810218811,0.915316641330719,0.9180999994277954,0.9200666546821594,0.9227499961853027,0.9243666529655457,0.9249500036239624,0.9271000027656555,0.9288333058357239,0.8464000225067139,0.8901000022888184,0.9101999998092651,0.9088000059127808,0.9093000292778015,0.9158999919891357,0.9114000201225281,0.9162999987602234,0.920799970626831,0.9229000210762024,0.9282000064849854,0.9273999929428101,0.925000011920929,1.713716745376587,0.478681355714798,0.3753276765346527,0.33630114793777466,0.315936416387558,0.29793620109558105,0.2891627848148346,0.28312018513679504,0.27443167567253113,0.27017709612846375,0.26612773537635803,0.2607828378677368,0.25322088599205017,0.6050828099250793,0.38994553685188293,0.3186124265193939,0.32016363739967346,0.29878145456314087,0.29200640320777893,0.3044344186782837,0.29295894503593445,0.2720189690589905,0.2760646939277649,0.26816222071647644,0.26278743147850037,0.2707418203353882
2054,7.849043497580634e-05,315,7,764,0.11158332973718643,0.12168333679437637,0.1459333300590515,0.21281667053699493,0.2916499972343445,0.38795000314712524,0.4848833382129669,0.10279999673366547,0.11509999632835388,0.1695999950170517,0.24799999594688416,0.34459999203681946,0.3160000145435333,0.5674999952316284,2.302536964416504,2.2971203327178955,2.2860007286071777,2.268667221069336,2.241776466369629,2.20647931098938,2.1597790718078613,2.2981600761413574,2.2914958000183105,2.2780392169952393,2.255495309829712,2.225353956222534,2.1820175647735596,2.1280670166015625
2143,0.002628239787536194,315,10,359,0.46701666712760925,0.8537499904632568,0.8843333125114441,0.8970833420753479,0.9032666683197021,0.9091166853904724,0.9113666415214539,0.9186000227928162,0.9198166728019714,0.9212833046913147,0.8343999981880188,0.8845999836921692,0.8924000263214111,0.9065999984741211,0.916100025177002,0.9139999747276306,0.9101999998092651,0.919700026512146,0.9193999767303467,0.9182999730110168,1.7841544151306152,0.5640698671340942,0.40466180443763733,0.35410937666893005,0.32937103509902954,0.31286925077438354,0.3067934811115265,0.2892155647277832,0.2839069664478302,0.2791498601436615,0.7857809662818909,0.41405636072158813,0.3658372759819031,0.31908586621284485,0.29577136039733887,0.2991907298564911,0.3069390654563904,0.2789919674396515,0.2848203480243683,0.28170400857925415
2123,0.0018653297531558502,193,11,309,0.5153666734695435,0.860966682434082,0.8848666548728943,0.8984500169754028,0.9053666591644287,0.9088666439056396,0.912850022315979,0.9170666933059692,0.9197166562080383,0.9210166931152344,0.9240166544914246,0.845300018787384,0.8867999911308289,0.9056000113487244,0.9064000248908997,0.9133999943733215,0.9182999730110168,0.9169999957084656,0.9204000234603882,0.9146000146865845,0.9117000102996826,0.9207000136375427,1.6082677841186523,0.5143640041351318,0.3929234743118286,0.34637171030044556,0.3245483934879303,0.31196269392967224,0.30505192279815674,0.29350635409355164,0.2848457396030426,0.27805736660957336,0.2728476822376251,0.6551879048347473,0.4064963459968567,0.3359585404396057,0.3158603608608246,0.2989605665206909,0.2961079180240631,0.2975972592830658,0.2790556252002716,0.29927828907966614,0.2998510003089905,0.27890610694885254
2045,0.0031391792308152174,345,12,477,0.4502333402633667,0.8526666760444641,0.8854333162307739,0.8984000086784363,0.9052500128746033,0.9145833253860474,0.9199333190917969,0.9224500060081482,0.922249972820282,0.9253166913986206,0.9272333383560181,0.9288333058357239,0.8479999899864197,0.8787999749183655,0.8963000178337097,0.9114000201225281,0.9053999781608582,0.9171000123023987,0.9217000007629395,0.9222000241279602,0.9265999794006348,0.9235000014305115,0.9284999966621399,0.9244999885559082,1.8156102895736694,0.5505962371826172,0.3959425985813141,0.3476404547691345,0.3262960612773895,0.2989518940448761,0.2859962582588196,0.27901560068130493,0.2737649381160736,0.2665242552757263,0.2630055248737335,0.25570568442344666,0.7592639923095703,0.43822821974754333,0.3559049367904663,0.3097170293331146,0.3252846300601959,0.29473477602005005,0.2808081805706024,0.27988097071647644,0.2684879004955292,0.27000871300697327,0.26393836736679077,0.2716290056705475
2152,0.003298708882166541,248,14,454,0.5522833466529846,0.8744000196456909,0.8959333300590515,0.9053333401679993,0.9095666408538818,0.916183352470398,0.9200166463851929,0.9211166501045227,0.9236500263214111,0.9260666370391846,0.9284166693687439,0.9281333088874817,0.9307833313941956,0.930483341217041,0.8659999966621399,0.8823000192642212,0.9088000059127808,0.9110000133514404,0.9041000008583069,0.9168000221252441,0.9228000044822693,0.9204999804496765,0.9236000180244446,0.9265999794006348,0.9233999848365784,0.9290000200271606,0.9276000261306763,0.9271000027656555,1.483134388923645,0.4388534426689148,0.356136679649353,0.3257746696472168,0.31130510568618774,0.29347044229507446,0.2823528051376343,0.2788318693637848,0.2703465223312378,0.2600589394569397,0.2563668191432953,0.2532813847064972,0.24682144820690155,0.2436933070421219,0.5166196823120117,0.3895944356918335,0.3162756860256195,0.30830374360084534,0.32626408338546753,0.2858368158340454,0.27259114384651184,0.27496665716171265,0.28029030561447144,0.26334697008132935,0.27299559116363525,0.2582434117794037,0.2616332769393921,0.26456671953201294
2125,0.003866519520143387,247,18,541,0.5608166456222534,0.8776000142097473,0.8996833562850952,0.9117666482925415,0.9166499972343445,0.9197166562080383,0.9252166748046875,0.9233999848365784,0.9249833226203918,0.9269833564758301,0.9294499754905701,0.9284833073616028,0.9306666851043701,0.9307000041007996,0.932449996471405,0.932616651058197,0.9330666661262512,0.9351999759674072,0.8694999814033508,0.8966000080108643,0.9111999869346619,0.9203000068664551,0.9218000173568726,0.9205999970436096,0.9172999858856201,0.919700026512146,0.9070000052452087,0.9269000291824341,0.9283999800682068,0.9271000027656555,0.9175999760627747,0.9254999756813049,0.9302999973297119,0.9221000075340271,0.9254000186920166,0.9142000079154968,1.4169148206710815,0.4238390326499939,0.34361517429351807,0.3065805733203888,0.2917686700820923,0.28585079312324524,0.26888859272003174,0.26995936036109924,0.2622409462928772,0.2592296600341797,0.2525993883609772,0.2514204978942871,0.2462952584028244,0.24393264949321747,0.24181191623210907,0.23684433102607727,0.23607738316059113,0.22991876304149628,0.49116358160972595,0.35178980231285095,0.3022981584072113,0.2863878309726715,0.28838932514190674,0.29012662172317505,0.29498857259750366,0.2924908995628357,0.3114529848098755,0.2640739679336548,0.2642343044281006,0.27499693632125854,0.28440016508102417,0.27397286891937256,0.25735849142074585,0.2780219614505768,0.2750264108181,0.2932099997997284
2156,0.0010639504278413376,333,10,602,0.23658333718776703,0.7193333506584167,0.8322333097457886,0.8603333234786987,0.8740166425704956,0.8831833600997925,0.8902999758720398,0.894433319568634,0.8999166488647461,0.9021999835968018,0.447299987077713,0.8237000107765198,0.8596000075340271,0.8682000041007996,0.8828999996185303,0.8946999907493591,0.9014999866485596,0.9056000113487244,0.9020000100135803,0.9075000286102295,2.211759567260742,1.377112865447998,0.7374557852745056,0.5395889282226562,0.4567364454269409,0.4127228558063507,0.38332340121269226,0.36379414796829224,0.34785687923431396,0.3362347185611725,1.9059525728225708,0.9015579223632812,0.5864779949188232,0.4782932996749878,0.414721816778183,0.3711448609828949,0.34896624088287354,0.33242425322532654,0.329497367143631,0.31747207045555115
2159,0.003373089648756663,190,13,319,0.6196500062942505,0.8794666528701782,0.8983166813850403,0.9066666960716248,0.9154666662216187,0.9173666834831238,0.9225500226020813,0.9207166433334351,0.9244999885559082,0.925433337688446,0.9245166778564453,0.9283833503723145,0.9306166768074036,0.8774999976158142,0.9024999737739563,0.9101999998092651,0.9139000177383423,0.9240000247955322,0.9158999919891357,0.9243999719619751,0.9261999726295471,0.9276999831199646,0.9246000051498413,0.9297000169754028,0.9190000295639038,0.9226999878883362,1.2444915771484375,0.407201886177063,0.3444308638572693,0.320631742477417,0.29851582646369934,0.29221683740615845,0.28108730912208557,0.2772427499294281,0.2674170136451721,0.26598408818244934,0.2626993656158447,0.2539408802986145,0.24641980230808258,0.44189032912254333,0.33975285291671753,0.3140321969985962,0.2994747459888458,0.27318698167800903,0.2844047248363495,0.2710314989089966,0.26546552777290344,0.2583085298538208,0.26871076226234436,0.2551988959312439,0.28875771164894104,0.28938552737236023
1992,0.0038732901233644907,470,14,494,0.38563331961631775,0.8410833477973938,0.8798999786376953,0.8915333151817322,0.9029833078384399,0.9069166779518127,0.9154166579246521,0.9192166924476624,0.9220499992370605,0.9265000224113464,0.9276999831199646,0.9272500276565552,0.929099977016449,0.9307833313941956,0.807200014591217,0.8822000026702881,0.8982999920845032,0.904699981212616,0.9151999950408936,0.9107999801635742,0.920799970626831,0.9185000061988831,0.9254999756813049,0.9259999990463257,0.9277999997138977,0.9276000261306763,0.9236000180244446,0.9243000149726868,1.9603192806243896,0.6259974837303162,0.42007383704185486,0.3688182532787323,0.33401966094970703,0.31835517287254333,0.29857224225997925,0.2861281633377075,0.27642109990119934,0.2652297616004944,0.26047080755233765,0.25844335556030273,0.2544702887535095,0.24973927438259125,0.9443848729133606,0.4358372688293457,0.36101311445236206,0.3249279856681824,0.3019106090068817,0.30961668491363525,0.27712002396583557,0.2873210310935974,0.2753925621509552,0.26287519931793213,0.2689700126647949,0.26572832465171814,0.276348352432251,0.2754809260368347
2121,0.00364064381610791,307,12,349,0.5183666944503784,0.8695999979972839,0.8927333354949951,0.9039333462715149,0.9122999906539917,0.9160666465759277,0.9201499819755554,0.9223333597183228,0.9269000291824341,0.9226666688919067,0.9261666536331177,0.930483341217041,0.8544999957084656,0.8985999822616577,0.909600019454956,0.9164999723434448,0.9128000140190125,0.9190000295639038,0.9185000061988831,0.9244999885559082,0.9205999970436096,0.9271000027656555,0.9264000058174133,0.926800012588501,1.6034700870513916,0.46347254514694214,0.36486950516700745,0.3274771273136139,0.3061530590057373,0.29323166608810425,0.2815689444541931,0.2761590778827667,0.2625502645969391,0.26948782801628113,0.26010093092918396,0.2518000304698944,0.5814490914344788,0.35601791739463806,0.31463146209716797,0.29826077818870544,0.29740941524505615,0.2875875234603882,0.2889622449874878,0.2700929641723633,0.28722745180130005,0.2636893391609192,0.2640535831451416,0.2725593149662018
2084,0.002345973458485527,425,8,291,0.32091665267944336,0.8078833222389221,0.8628666400909424,0.8840166926383972,0.8938666582107544,0.9012166857719421,0.9054833054542542,0.910099983215332,0.6869999766349792,0.8659999966621399,0.8840000033378601,0.8967000246047974,0.9009000062942505,0.9085999727249146,0.9032999873161316,0.9161999821662903,2.102607250213623,0.8654594421386719,0.4993356764316559,0.405600368976593,0.36656999588012695,0.3398260176181793,0.3242688775062561,0.31167903542518616,1.4168485403060913,0.5576081275939941,0.41566982865333557,0.3582059144973755,0.3385104835033417,0.31582507491111755,0.32351258397102356,0.29644307494163513
2034,0.004199771215831505,197,11,557,0.6305333375930786,0.8832166790962219,0.9029333591461182,0.906416654586792,0.9154333472251892,0.9184499979019165,0.9225166440010071,0.9227499961853027,0.9262333512306213,0.9267333149909973,0.9287999868392944,0.8848000168800354,0.906000018119812,0.9097999930381775,0.901199996471405,0.9133999943733215,0.911899983882904,0.9241999983787537,0.9204999804496765,0.9203000068664551,0.9294999837875366,0.930899977684021,1.1944082975387573,0.39197903871536255,0.3347095847129822,0.32106393575668335,0.2984646260738373,0.28929921984672546,0.27703621983528137,0.2748669683933258,0.264484703540802,0.26345884799957275,0.25265324115753174,0.4187038540840149,0.3318205773830414,0.30451804399490356,0.3251742422580719,0.29859501123428345,0.3132123053073883,0.27628976106643677,0.2897641360759735,0.2899937033653259,0.2664705812931061,0.26347148418426514
2005,0.0056032200034095226,399,13,823,0.4749000072479248,0.8704500198364258,0.8983500003814697,0.9110999703407288,0.9171500205993652,0.9213666915893555,0.9246666431427002,0.9253666400909424,0.9264000058174133,0.927649974822998,0.9292500019073486,0.930899977684021,0.9301166534423828,0.8526999950408936,0.8999000191688538,0.8989999890327454,0.9215999841690063,0.9111999869346619,0.9208999872207642,0.9265000224113464,0.9193999767303467,0.9247999787330627,0.9210000038146973,0.9271000027656555,0.9279999732971191,0.9254999756813049,1.8514147996902466,0.4567998945713043,0.3497316837310791,0.30792415142059326,0.29276251792907715,0.2818860709667206,0.27063462138175964,0.26797035336494446,0.2623859643936157,0.25709959864616394,0.2526559829711914,0.24772195518016815,0.24627086520195007,0.579807698726654,0.3534092307090759,0.3359073996543884,0.28640925884246826,0.3070334494113922,0.27903521060943604,0.26666444540023804,0.29186496138572693,0.27764493227005005,0.2856370508670807,0.26150941848754883,0.2611072063446045,0.2814725339412689
2136,0.003105609805184175,333,14,612,0.4452333450317383,0.8555999994277954,0.8835833072662354,0.8984333276748657,0.9050833582878113,0.9104666709899902,0.9162333607673645,0.9208999872207642,0.9228500127792358,0.9260333180427551,0.9265833497047424,0.9277999997138977,0.9282166957855225,0.9296666383743286,0.829200029373169,0.882099986076355,0.899399995803833,0.9075999855995178,0.9099000096321106,0.9153000116348267,0.9143999814987183,0.9193000197410583,0.9251999855041504,0.9241999983787537,0.9247000217437744,0.9282000064849854,0.9251000285148621,0.9146999716758728,1.7886368036270142,0.5455495119094849,0.3978225588798523,0.35109224915504456,0.3252679705619812,0.309925377368927,0.2939903438091278,0.2831071615219116,0.2733193039894104,0.26396024227142334,0.2622402310371399,0.2575627565383911,0.25602057576179504,0.2517375946044922,0.7639499306678772,0.41167011857032776,0.3529494106769562,0.3191421627998352,0.31490620970726013,0.29229962825775146,0.2961590886116028,0.2897365391254425,0.26577186584472656,0.2728521227836609,0.2652648389339447,0.25870972871780396,0.2710365355014801,0.3001951277256012
2090,0.00350072055196575,333,12,388,0.48848333954811096,0.8588500022888184,0.8881333470344543,0.9009833335876465,0.9054833054542542,0.9155333042144775,0.9206333160400391,0.923633337020874,0.9247166514396667,0.9254666566848755,0.9281499981880188,0.9293166399002075,0.8500999808311462,0.8848999738693237,0.8966000080108643,0.8956999778747559,0.9139999747276306,0.9136999845504761,0.9196000099182129,0.9208999872207642,0.921500027179718,0.9205999970436096,0.9269000291824341,0.9293000102043152,1.7112983465194702,0.5047717094421387,0.3814292252063751,0.34028926491737366,0.3213534653186798,0.2978738248348236,0.28285157680511475,0.27497223019599915,0.2694426476955414,0.26215365529060364,0.25793710350990295,0.25398823618888855,0.642453670501709,0.4093637764453888,0.3666841685771942,0.3468840420246124,0.2895340621471405,0.3088204264640808,0.28310030698776245,0.28312838077545166,0.27548643946647644,0.29230716824531555,0.27354785799980164,0.2563123106956482
2169,0.003291024811528453,217,5,686,0.5758666396141052,0.8794999718666077,0.8966333270072937,0.9055833220481873,0.9123666882514954,0.8741999864578247,0.8970999717712402,0.9092000126838684,0.9199000000953674,0.9200000166893005,1.401739239692688,0.4218156039714813,0.3510024845600128,0.32265692949295044,0.3064091205596924,0.4844312071800232,0.35021764039993286,0.31307491660118103,0.2852970063686371,0.28414857387542725
2078,0.002244957832119774,109,12,367,0.6621000170707703,0.8837500214576721,0.899316668510437,0.909600019454956,0.9141166806221008,0.9185666441917419,0.9221833348274231,0.9237666726112366,0.9241166710853577,0.9260500073432922,0.9280666708946228,0.9310666918754578,0.8816999793052673,0.9035999774932861,0.9136000275611877,0.9067000150680542,0.9121000170707703,0.91839998960495,0.9265000224113464,0.9251999855041504,0.9246000051498413,0.9125999808311462,0.9308000206947327,0.9254999756813049,1.1090744733810425,0.3905869424343109,0.3401791751384735,0.3158399164676666,0.2997078597545624,0.28709834814071655,0.2769193649291992,0.27303457260131836,0.2692629396915436,0.2630549669265747,0.25524967908859253,0.24503937363624573,0.41594940423965454,0.3308624029159546,0.30424636602401733,0.31306660175323486,0.3048728108406067,0.28901150822639465,0.26509684324264526,0.2679803967475891,0.27194833755493164,0.32508209347724915,0.2564554810523987,0.2800702750682831
2015,0.0021877979065214872,160,16,387,0.5872166752815247,0.8739500045776367,0.8942000269889832,0.9053000211715698,0.9088666439056396,0.9144499897956848,0.9205666780471802,0.9223999977111816,0.923466682434082,0.9247999787330627,0.9287166595458984,0.9278333187103271,0.9291999936103821,0.9290333390235901,0.9322500228881836,0.932533323764801,0.8666999936103821,0.9010000228881836,0.9059000015258789,0.9186000227928162,0.9110000133514404,0.921500027179718,0.9211000204086304,0.9172999858856201,0.9230999946594238,0.920199990272522,0.9262999892234802,0.9121999740600586,0.9211000204086304,0.9111999869346619,0.9204000234603882,0.9291999936103821,1.3605514764785767,0.4390751123428345,0.35869675874710083,0.3249247074127197,0.31133878231048584,0.3000316023826599,0.2860008478164673,0.277815043926239,0.2705557346343994,0.26583656668663025,0.2569960653781891,0.2550767958164215,0.25339198112487793,0.25220224261283875,0.24423129856586456,0.2406018227338791,0.5173999667167664,0.35006460547447205,0.32594603300094604,0.28916335105895996,0.3191300630569458,0.2837654948234558,0.2813749313354492,0.28604593873023987,0.27802878618240356,0.2855311930179596,0.26842448115348816,0.29988598823547363,0.2751944661140442,0.31360340118408203,0.2814636826515198,0.25552138686180115
