0;1323;0.0005261613366068342;24;0.2137400060892105;0.3134799897670746;0.3630000054836273;0.40511998534202576;0.4380199909210205;0.46393999457359314;0.48548001050949097;0.5050600171089172;0.5223600268363953;0.540440022945404;0.557479977607727;0.5676599740982056;0.5763800144195557;0.5899400115013123;0.5982199907302856;0.6048200130462646;0.6207200288772583;0.627839982509613;0.6350600123405457;0.646399974822998;0.6462799906730652;0.6550800204277039;0.6634600162506104;0.6660199761390686;0.2883000075817108;0.33660000562667847;0.39629998803138733;0.4318000078201294;0.44670000672340393;0.4611999988555908;0.49079999327659607;0.5002999901771545;0.5271000266075134;0.5400000214576721;0.5539000034332275;0.5694000124931335;0.5626000165939331;0.5924000144004822;0.5873000025749207;0.5983999967575073;0.6047999858856201;0.61080002784729;0.6065000295639038;0.6100999712944031;0.6190999746322632;0.6304000020027161;0.6377999782562256;0.6308000087738037;2.1168153285980225;1.8293462991714478;1.7150588035583496;1.6067229509353638;1.5225483179092407;1.4598461389541626;1.4112224578857422;1.361472487449646;1.3204115629196167;1.279200553894043;1.2327393293380737;1.2090704441070557;1.1809030771255493;1.1465576887130737;1.1223574876785278;1.1099944114685059;1.070274829864502;1.0429054498672485;1.0324114561080933;0.9995803236961365;0.9978821277618408;0.9752049446105957;0.9538818597793579;0.9471266269683838;1.899963140487671;1.8067348003387451;1.6371186971664429;1.5499612092971802;1.4932210445404053;1.4604226350784302;1.3799210786819458;1.3832519054412842;1.3064097166061401;1.2738169431686401;1.2402981519699097;1.2077345848083496;1.2207465171813965;1.1559094190597534;1.152085304260254;1.1387535333633423;1.1112722158432007;1.107101321220398;1.1075589656829834;1.095819354057312;1.0775680541992188;1.0652484893798828;1.0341602563858032;1.046044111251831;25.83614158630371;1.046044111251831
1;877;1.914126588649286e-05;19;0.12907999753952026;0.19089999794960022;0.19643999636173248;0.22924000024795532;0.23476000130176544;0.24300000071525574;0.25760000944137573;0.2687000036239624;0.273499995470047;0.28793999552726746;0.29576000571250916;0.30000001192092896;0.31115999817848206;0.31916001439094543;0.3296999931335449;0.3383600115776062;0.34512001276016235;0.35207998752593994;0.3594000041484833;0.15850000083446503;0.1940000057220459;0.22589999437332153;0.24729999899864197;0.24469999969005585;0.25859999656677246;0.26159998774528503;0.2734000086784363;0.29249998927116394;0.29910001158714294;0.30469998717308044;0.31220000982284546;0.3199999928474426;0.3328999876976013;0.3382999897003174;0.34540000557899475;0.3571999967098236;0.3675000071525574;0.37040001153945923;2.2983105182647705;2.2903525829315186;2.2738964557647705;2.235159397125244;2.159555435180664;2.077180862426758;2.0243687629699707;1.9850794076919556;1.95250403881073;1.9193394184112549;1.8904818296432495;1.866212010383606;1.8487056493759155;1.8270151615142822;1.8110677003860474;1.795699119567871;1.7787989377975464;1.7644511461257935;1.7503817081451416;2.2947583198547363;2.283501386642456;2.2584991455078125;2.2004809379577637;2.1092050075531006;2.0422918796539307;2.0004189014434814;1.962632417678833;1.9307631254196167;1.9002214670181274;1.8736495971679688;1.8624674081802368;1.8317837715148926;1.813143014907837;1.7974263429641724;1.782963514328003;1.7656599283218384;1.7503442764282227;1.7360713481903076;22.027148008346558;1.7360713481903076
2;96;0.00016912196317474203;10;0.29120001196861267;0.4229600131511688;0.4776400029659271;0.519860029220581;0.5501400232315063;0.5732200145721436;0.5949400067329407;0.6138799786567688;0.6327000260353088;0.64656001329422;0.373199999332428;0.4287000000476837;0.5065000057220459;0.5205000042915344;0.5663999915122986;0.5733000040054321;0.5713000297546387;0.6172999739646912;0.6202999949455261;0.6220999956130981;1.8883662223815918;1.5570272207260132;1.4214460849761963;1.3219997882843018;1.246087908744812;1.184428334236145;1.1308903694152832;1.0864492654800415;1.0325605869293213;1.0000255107879639;1.6772093772888184;1.5212336778640747;1.361282229423523;1.3166862726211548;1.2111924886703491;1.188084363937378;1.2290045022964478;1.0862318277359009;1.0748196840286255;1.064988374710083;21.114784002304077;1.064988374710083
3;815;0.0009707058522171854;7;0.24685999751091003;0.3916400074958801;0.4496400058269501;0.4930199980735779;0.5307000279426575;0.5565199851989746;0.574999988079071;0.32820001244544983;0.43689998984336853;0.4560000002384186;0.4977000057697296;0.5407000184059143;0.5597000122070312;0.5746999979019165;2.0015294551849365;1.6376827955245972;1.4926098585128784;1.381778597831726;1.2972404956817627;1.231117606163025;1.1800779104232788;1.7850837707519531;1.5117263793945312;1.464473843574524;1.3888633251190186;1.2496126890182495;1.2440325021743774;1.1914896965026855;11.536671161651611;1.1914896965026855
4;671;0.0023702511664373555;25;0.28365999460220337;0.43799999356269836;0.5145599842071533;0.5742599964141846;0.6152799725532532;0.6513199806213379;0.6901000142097473;0.7190399765968323;0.7324000000953674;0.7616000175476074;0.7714200019836426;0.7893800139427185;0.8077999949455261;0.8220400214195251;0.8388400077819824;0.8532400131225586;0.8534799814224243;0.8694199919700623;0.881380021572113;0.8913599848747253;0.9004999995231628;0.9046599864959717;0.9144600033760071;0.9196400046348572;0.9268400073051453;0.3736000061035156;0.4747999906539917;0.5254999995231628;0.6043000221252441;0.6240000128746033;0.6420000195503235;0.6751999855041504;0.685699999332428;0.680400013923645;0.6855000257492065;0.6937000155448914;0.7073000073432922;0.6948000192642212;0.7195000052452087;0.7170000076293945;0.7099000215530396;0.7161999940872192;0.6947000026702881;0.7134000062942505;0.710099995136261;0.7142000198364258;0.6913999915122986;0.7102000117301941;0.6858999729156494;0.6990000009536743;1.88869309425354;1.5107316970825195;1.3211240768432617;1.171651005744934;1.0646803379058838;0.9740790724754333;0.8712199926376343;0.7998600006103516;0.7556776404380798;0.6818942427635193;0.6496341228485107;0.5917001366615295;0.5466211438179016;0.5047018527984619;0.45825788378715515;0.41521981358528137;0.41364729404449463;0.3668096363544464;0.33868229389190674;0.306721568107605;0.2790261209011078;0.26828068494796753;0.24008171260356903;0.22585533559322357;0.20836658775806427;1.6545052528381348;1.409723162651062;1.2811875343322754;1.108115792274475;1.062903642654419;1.014312744140625;0.9253205060958862;0.8889566659927368;0.9266955256462097;0.9019120931625366;0.8906534314155579;0.8617203235626221;0.9271519780158997;0.8692172169685364;0.8624032139778137;0.962713360786438;0.9451614022254944;1.015472650527954;1.0104519128799438;1.0682590007781982;1.0798709392547607;1.2092487812042236;1.2201015949249268;1.3068078756332397;1.2890769243240356;26.948975086212158;1.2890769243240356
5;168;0.00026145978776581565;10;0.2877599895000458;0.4379599988460541;0.4927400052547455;0.5340999960899353;0.5635600090026855;0.5861999988555908;0.6075400114059448;0.6304399967193604;0.646399974822998;0.6607000231742859;0.4041999876499176;0.4851999878883362;0.5126000046730042;0.5483999848365784;0.5795000195503235;0.5942999720573425;0.6248000264167786;0.6251000165939331;0.6330999732017517;0.640999972820282;1.893741250038147;1.519083023071289;1.3935790061950684;1.2873661518096924;1.21614408493042;1.1578242778778076;1.096102237701416;1.0457884073257446;1.0005711317062378;0.9583600759506226;1.610122561454773;1.4186689853668213;1.3449673652648926;1.2724412679672241;1.1830884218215942;1.1319050788879395;1.0776475667953491;1.0653457641601562;1.033927083015442;1.0257858037948608;16.352335214614868;1.0257858037948608
6;477;0.0033282900754542065;26;0.27338001132011414;0.43413999676704407;0.5186399817466736;0.5884199738502502;0.6396600008010864;0.675819993019104;0.7029399871826172;0.7248200178146362;0.7478799819946289;0.7640200257301331;0.7796000242233276;0.7947800159454346;0.8029000163078308;0.8163599967956543;0.830560028553009;0.8340799808502197;0.8481400012969971;0.8578199744224548;0.8618000149726868;0.8707799911499023;0.8765400052070618;0.8867599964141846;0.8946400284767151;0.9021400213241577;0.91211998462677;0.9108999967575073;0.3910999894142151;0.4661000072956085;0.5462999939918518;0.6092000007629395;0.638700008392334;0.6284000277519226;0.656000018119812;0.6815999746322632;0.6970000267028809;0.6951000094413757;0.7128000259399414;0.710099995136261;0.7077999711036682;0.7146999835968018;0.7039999961853027;0.7102000117301941;0.7027999758720398;0.7064999938011169;0.7174000144004822;0.7095000147819519;0.703000009059906;0.7017999887466431;0.7020999789237976;0.7128000259399414;0.6988999843597412;0.7013000249862671;1.9061063528060913;1.5086660385131836;1.3095176219940186;1.1337838172912598;1.0000221729278564;0.9057177305221558;0.8338438868522644;0.7747945189476013;0.7132759094238281;0.6671393513679504;0.6206662654876709;0.5800344347953796;0.5514898896217346;0.5112857222557068;0.4752679765224457;0.46185067296028137;0.42293378710746765;0.39495450258255005;0.38117948174476624;0.35933324694633484;0.34067559242248535;0.3136421740055084;0.29314863681793213;0.27071741223335266;0.24365484714508057;0.2454279065132141;1.618670105934143;1.4322432279586792;1.2441867589950562;1.1194524765014648;1.0079201459884644;1.0551598072052002;0.974131166934967;0.9243563413619995;0.8924097418785095;0.8841473460197449;0.8464191555976868;0.8743454217910767;0.883139431476593;0.8618902564048767;0.9679331183433533;0.9399634003639221;1.015553593635559;0.9847106337547302;0.9628153443336487;1.0275238752365112;1.075858473777771;1.0989280939102173;1.1785857677459717;1.2068610191345215;1.2589664459228516;1.3253430128097534;29.70865035057068;1.3253430128097534
7;1087;0.0001394098747709751;15;0.15987999737262726;0.2611599862575531;0.3137199878692627;0.34790000319480896;0.3746599853038788;0.39778000116348267;0.418940007686615;0.4356600046157837;0.4498000144958496;0.46215999126434326;0.4725399911403656;0.4814800024032593;0.48962000012397766;0.5013599991798401;0.5052599906921387;0.21629999577999115;0.2971000075340271;0.33629998564720154;0.36410000920295715;0.3921000063419342;0.4077000021934509;0.4341999888420105;0.4494999945163727;0.45399999618530273;0.46630001068115234;0.48330000042915344;0.4781000018119812;0.49720001220703125;0.5026000142097473;0.5113000273704529;2.2601943016052246;1.9820148944854736;1.8366793394088745;1.76560378074646;1.7009283304214478;1.6391420364379883;1.5920774936676025;1.5419594049453735;1.5040059089660645;1.4710437059402466;1.4448268413543701;1.4241071939468384;1.4007461071014404;1.378347396850586;1.3659616708755493;2.138427734375;1.8719984292984009;1.7932449579238892;1.7265957593917847;1.6606152057647705;1.603773593902588;1.5634723901748657;1.5182039737701416;1.4902276992797852;1.4666372537612915;1.4280768632888794;1.431260108947754;1.3877557516098022;1.3740907907485962;1.3530974388122559;19.461159229278564;1.3530974388122559
8;1806;0.00019955785504188132;5;0.18342000246047974;0.23229999840259552;0.272599995136261;0.30338001251220703;0.3297399878501892;0.22210000455379486;0.26249998807907104;0.2969000041484833;0.3292999863624573;0.35089999437332153;2.2586545944213867;2.0758862495422363;1.9716763496398926;1.8681209087371826;1.8038588762283325;2.1573526859283447;2.0138344764709473;1.9031002521514893;1.8217566013336182;1.7618337869644165;11.48450255393982;1.7618337869644165
9;1821;3.1992932435152136e-05;21;0.1113400012254715;0.17484000325202942;0.20625999569892883;0.2019599974155426;0.2220200002193451;0.24084000289440155;0.2642199993133545;0.27393999695777893;0.2861199975013733;0.2917799949645996;0.3009200096130371;0.30998000502586365;0.31953999400138855;0.32919999957084656;0.3359600007534027;0.3447200059890747;0.35256001353263855;0.3581799864768982;0.3656400144100189;0.3747600018978119;0.37902000546455383;0.14790000021457672;0.18870000541210175;0.19779999554157257;0.20360000431537628;0.22169999778270721;0.2615000009536743;0.26409998536109924;0.2888999879360199;0.2955999970436096;0.30070000886917114;0.3095000088214874;0.3190999925136566;0.3301999866962433;0.335099995136261;0.33309999108314514;0.3490000069141388;0.3578000068664551;0.3610999882221222;0.3700000047683716;0.37540000677108765;0.3822000026702881;2.3012185096740723;2.2926347255706787;2.279090404510498;2.2495436668395996;2.1885385513305664;2.0999538898468018;2.027644634246826;1.981130599975586;1.944477915763855;1.9122307300567627;1.8854466676712036;1.8604848384857178;1.838725209236145;1.8190970420837402;1.8003053665161133;1.7823758125305176;1.7651935815811157;1.7490012645721436;1.732595682144165;1.7161239385604858;1.701241374015808;2.296860933303833;2.2868990898132324;2.2672383785247803;2.2234721183776855;2.142226457595825;2.0540785789489746;1.9990919828414917;1.9581279754638672;1.925260305404663;1.8955916166305542;1.8711730241775513;1.8464921712875366;1.8254235982894897;1.805485725402832;1.7897160053253174;1.7693917751312256;1.7520171403884888;1.737625002861023;1.7187167406082153;1.7038954496383667;1.6875795125961304;23.327573537826538;1.6875795125961304
10;923;0.03425235633305805;7;0.10066000372171402;0.09747999906539917;0.09814000129699707;0.09935999661684036;0.10087999701499939;0.09907999634742737;0.09641999751329422;0.10000000149011612;0.10000000149011612;0.10000000149011612;0.0997999981045723;0.10000000149011612;0.10000000149011612;0.10000000149011612;3.3903908729553223;2.303567409515381;2.3031113147735596;2.303013801574707;2.3027594089508057;2.3032524585723877;2.303328514099121;2.303420305252075;2.302835464477539;2.303192377090454;2.3028342723846436;2.303032875061035;2.3031086921691895;2.302903413772583;11.57470989227295;2.302903413772583
11;844;8.035132567730391e-05;5;0.16971999406814575;0.21838000416755676;0.27494001388549805;0.3125399947166443;0.34158000349998474;0.19120000302791595;0.2540000081062317;0.30059999227523804;0.32170000672340393;0.3499999940395355;2.2823402881622314;2.114466428756714;1.9418487548828125;1.8498506546020508;1.7845326662063599;2.2305567264556885;2.0133800506591797;1.8902009725570679;1.8194482326507568;1.7541792392730713;9.855042934417725;1.7541792392730713
12;1941;0.0042082943154766895;29;0.18084000051021576;0.2772800028324127;0.362280011177063;0.4098399877548218;0.4689599871635437;0.5034000277519226;0.5094000101089478;0.5761600136756897;0.5387600064277649;0.5684599876403809;0.626579999923706;0.6541600227355957;0.6726800203323364;0.6920999884605408;0.7120000123977661;0.723039984703064;0.7201399803161621;0.7481200098991394;0.7661399841308594;0.7567600011825562;0.7806400060653687;0.7922199964523315;0.801859974861145;0.8071600198745728;0.817300021648407;0.8284800052642822;0.8373600244522095;0.8376200199127197;0.8565800189971924;0.24660000205039978;0.32269999384880066;0.4146000146865845;0.4390000104904175;0.4794999957084656;0.4975000023841858;0.5376999974250793;0.5839999914169312;0.5170000195503235;0.5853999853134155;0.6207000017166138;0.6399000287055969;0.6462000012397766;0.6607000231742859;0.6672999858856201;0.6603000164031982;0.6855999827384949;0.6802999973297119;0.6586999893188477;0.6984000205993652;0.7031999826431274;0.7009999752044678;0.6991000175476074;0.6972000002861023;0.7124999761581421;0.6991000175476074;0.7020000219345093;0.7109000086784363;0.713100016117096;2.1483538150787354;1.8609209060668945;1.6810282468795776;1.575250506401062;1.427842140197754;1.3409820795059204;1.3384634256362915;1.1653972864151;1.3048455715179443;1.1954894065856934;1.0389761924743652;0.9682697653770447;0.9192792773246765;0.8656502366065979;0.8140878081321716;0.781024158000946;0.7870248556137085;0.7111439108848572;0.664460301399231;0.6885671615600586;0.6198588013648987;0.5908802151679993;0.5627878308296204;0.5455593466758728;0.5191800594329834;0.48627912998199463;0.4643685817718506;0.4615642726421356;0.4138135612010956;1.968156099319458;1.7390244007110596;1.5632339715957642;1.4808645248413086;1.4052749872207642;1.3411895036697388;1.2515860795974731;1.136454701423645;1.3489736318588257;1.1344232559204102;1.05193293094635;1.0028163194656372;0.998932421207428;0.9455183744430542;0.9540781378746033;0.9618672728538513;0.9010388851165771;0.9217631816864014;0.9957901239395142;0.8858044743537903;0.8793854713439941;0.8791494965553284;0.8933145403862;0.9089065194129944;0.8847431540489197;0.931847333908081;0.9581201076507568;0.9172058701515198;0.935555636882782;29.82659149169922;0.935555636882782
13;456;0.0030368829785172614;13;0.27136000990867615;0.4428800046443939;0.5219399929046631;0.5886600017547607;0.6419399976730347;0.6720399856567383;0.7036200165748596;0.7259799838066101;0.7501000165939331;0.7672200202941895;0.7827600240707397;0.7963799834251404;0.8084800243377686;0.38679999113082886;0.4230000078678131;0.5514000058174133;0.616100013256073;0.6290000081062317;0.6276999711990356;0.6834999918937683;0.6732000112533569;0.6748999953269958;0.6977999806404114;0.6890000104904175;0.7135999798774719;0.6992999911308289;1.8946715593338013;1.4887367486953735;1.3023853302001953;1.1330811977386475;1.00204598903656;0.9199138879776001;0.8321752548217773;0.7711515426635742;0.7077458500862122;0.6551191210746765;0.6146072149276733;0.5788562297821045;0.5351564288139343;1.6283490657806396;1.5591835975646973;1.234696626663208;1.0816346406936646;1.0499701499938965;1.0549269914627075;0.9202137589454651;0.9341257810592651;0.9350519776344299;0.8903247117996216;0.9359777569770813;0.8630543947219849;0.9449095726013184;17.224732875823975;0.9449095726013184
14;126;0.03431208251789311;9;0.09854000061750412;0.09939999878406525;0.10016000270843506;0.09905999898910522;0.09888000041246414;0.09880000352859497;0.10044000297784805;0.09910000115633011;0.09809999912977219;0.10000000149011612;0.10000000149011612;0.10000000149011612;0.10000000149011612;0.10000000149011612;0.10000000149011612;0.10000000149011612;0.10000000149011612;0.10000000149011612;2.714702606201172;2.304776668548584;2.3046092987060547;2.3051602840423584;2.305109739303589;2.3048343658447266;2.304715633392334;2.3047008514404297;2.3043835163116455;2.304722785949707;2.3032426834106445;2.305290937423706;2.304333209991455;2.303410530090332;2.3063888549804688;2.303896188735962;2.3043296337127686;2.304330587387085;15.933812618255615;2.304330587387085
15;203;0.00470879708586739;27;0.32739999890327454;0.49691998958587646;0.5828199982643127;0.6309199929237366;0.6608200073242188;0.6870399713516235;0.7087000012397766;0.72079998254776;0.7317000031471252;0.7446200251579285;0.7537199854850769;0.7636399865150452;0.7740799784660339;0.7758600115776062;0.7807599902153015;0.7905200123786926;0.794979989528656;0.8018199801445007;0.8043599724769592;0.8081799745559692;0.8118199706077576;0.8178600072860718;0.819920003414154;0.8242200016975403;0.8266599774360657;0.8310199975967407;0.8287400007247925;0.4474000036716461;0.5392000079154968;0.582099974155426;0.597100019454956;0.6402000188827515;0.6464999914169312;0.6812000274658203;0.6625999808311462;0.6703000068664551;0.6660000085830688;0.6915000081062317;0.6816999912261963;0.6898000240325928;0.6880999803543091;0.6876999735832214;0.6977999806404114;0.6942999958992004;0.694100022315979;0.6969000101089478;0.6830000281333923;0.6904000043869019;0.6869999766349792;0.680899977684021;0.6886000037193298;0.6845999956130981;0.6887000203132629;0.6844000220298767;1.7656716108322144;1.3699941635131836;1.1513557434082031;1.033018946647644;0.9480538368225098;0.8770315647125244;0.8153124451637268;0.7795965671539307;0.7521985173225403;0.7151415348052979;0.6897041201591492;0.6618586778640747;0.6272169947624207;0.6237107515335083;0.6090294122695923;0.5786512494087219;0.5662398338317871;0.5474557280540466;0.5400393605232239;0.5312451124191284;0.5216299891471863;0.5046435594558716;0.49509406089782715;0.4884096384048462;0.47327274084091187;0.473586767911911;0.47469431161880493;1.4784208536148071;1.259469985961914;1.1468497514724731;1.1276296377182007;1.0150471925735474;1.02524995803833;0.9212102293968201;1.0043190717697144;0.9572432637214661;0.9930559396743774;0.9177947044372559;0.9557089805603027;0.9607802629470825;0.962199330329895;0.9819052815437317;0.9570646286010742;0.9617183804512024;1.0188297033309937;1.0106014013290405;1.0231578350067139;1.0847866535186768;1.0272529125213623;1.143369197845459;1.1049401760101318;1.0936378240585327;1.1038129329681396;1.1465743780136108;34.18380069732666;1.1465743780136108
16;1285;1.6557265347096235e-05;26;0.12399999797344208;0.17139999568462372;0.19769999384880066;0.20708000659942627;0.21184000372886658;0.20448000729084015;0.1992799937725067;0.2200399935245514;0.23095999658107758;0.24587999284267426;0.25352001190185547;0.2611199915409088;0.2653000056743622;0.27423998713493347;0.28205999732017517;0.28755998611450195;0.29025998711586;0.299560010433197;0.3044399917125702;0.30963999032974243;0.31488001346588135;0.3204599916934967;0.32736000418663025;0.33055999875068665;0.33597999811172485;0.3386000096797943;0.15680000185966492;0.20180000364780426;0.21490000188350677;0.19529999792575836;0.19769999384880066;0.19189999997615814;0.2029000073671341;0.23019999265670776;0.24549999833106995;0.25360000133514404;0.26080000400543213;0.2709999978542328;0.266400009393692;0.2824999988079071;0.2948000133037567;0.30070000886917114;0.305400013923645;0.30550000071525574;0.30959999561309814;0.3127000033855438;0.3262999951839447;0.3303000032901764;0.3346000015735626;0.33980000019073486;0.34279999136924744;0.3483999967575073;2.301154375076294;2.2977664470672607;2.2930569648742676;2.284846067428589;2.2698755264282227;2.242426633834839;2.19783616065979;2.141066789627075;2.0883607864379883;2.049118995666504;2.0198867321014404;1.9946755170822144;1.971470594406128;1.948967695236206;1.9292669296264648;1.9100240468978882;1.893533706665039;1.8777269124984741;1.8635003566741943;1.850326418876648;1.8379923105239868;1.8264639377593994;1.8153873682022095;1.8053826093673706;1.794874668121338;1.7852569818496704;2.2994508743286133;2.295640468597412;2.2895710468292236;2.278514862060547;2.2582900524139404;2.221825122833252;2.1690561771392822;2.111069440841675;2.0648934841156006;2.0317916870117188;2.00545334815979;1.9822763204574585;1.9601448774337769;1.9380420446395874;1.9185341596603394;1.9000109434127808;1.8840644359588623;1.86867094039917;1.8553913831710815;1.8415508270263672;1.8287650346755981;1.8169398307800293;1.8064693212509155;1.7952369451522827;1.7850751876831055;1.775622844696045;27.15426516532898;1.775622844696045
17;1898;5.6436604865581456e-05;28;0.15223999321460724;0.19672000408172607;0.20348000526428223;0.23520000278949738;0.2630400061607361;0.2870199978351593;0.3034000098705292;0.32580000162124634;0.34182000160217285;0.35425999760627747;0.3668000102043152;0.37529999017715454;0.3863399922847748;0.39302000403404236;0.397599995136261;0.40654000639915466;0.4130200147628784;0.41815999150276184;0.42399999499320984;0.43022000789642334;0.4337399899959564;0.4391399919986725;0.4437600076198578;0.4460799992084503;0.45179998874664307;0.4544200003147125;0.45917999744415283;0.4614599943161011;0.18639999628067017;0.19539999961853027;0.21889999508857727;0.2556000053882599;0.2727999985218048;0.2939999997615814;0.3154999911785126;0.32919999957084656;0.3497999906539917;0.36550000309944153;0.3707999885082245;0.38260000944137573;0.39309999346733093;0.39809998869895935;0.4081000089645386;0.41029998660087585;0.4169999957084656;0.4212999939918518;0.4239000082015991;0.4334000051021576;0.4368000030517578;0.4431999921798706;0.4453999996185303;0.45010000467300415;0.45419999957084656;0.4571000039577484;0.45730000734329224;0.4681999981403351;2.297780990600586;2.2806925773620605;2.2332050800323486;2.117840051651001;2.0012307167053223;1.9319366216659546;1.8774875402450562;1.8327233791351318;1.7953015565872192;1.762468695640564;1.7337359189987183;1.7107068300247192;1.6836073398590088;1.6617422103881836;1.6450443267822266;1.6240708827972412;1.6064987182617188;1.5928599834442139;1.575784683227539;1.5609153509140015;1.5495713949203491;1.5370535850524902;1.5219148397445679;1.5123628377914429;1.5016052722930908;1.4909120798110962;1.482081413269043;1.472935438156128;2.2907283306121826;2.2641165256500244;2.183539390563965;2.0435009002685547;1.9617539644241333;1.9034016132354736;1.8556467294692993;1.8144865036010742;1.775787115097046;1.743612289428711;1.7235333919525146;1.6930718421936035;1.669205904006958;1.6527961492538452;1.630370855331421;1.6134095191955566;1.601060152053833;1.5839641094207764;1.5681986808776855;1.558214545249939;1.5445518493652344;1.5289174318313599;1.5173404216766357;1.5098484754562378;1.5005578994750977;1.4891409873962402;1.4833614826202393;1.4706759452819824;29.039771556854248;1.4706759452819824
18;1460;0.0014981069306805029;27;0.21811999380588531;0.3400599956512451;0.42048001289367676;0.4605799913406372;0.4933199882507324;0.5241000056266785;0.541920006275177;0.5696799755096436;0.5839599967002869;0.61080002784729;0.616599977016449;0.6265400052070618;0.6528599858283997;0.6588799953460693;0.6786199808120728;0.6892600059509277;0.6968200206756592;0.7158600091934204;0.7114800214767456;0.7366999983787537;0.7347999811172485;0.7448999881744385;0.7581599950790405;0.7638000249862671;0.7720800042152405;0.7789199948310852;0.7921599745750427;0.3127000033855438;0.3898000121116638;0.4424999952316284;0.4964999854564667;0.4927000105381012;0.5351999998092651;0.4950000047683716;0.550599992275238;0.5680999755859375;0.5777000188827515;0.5805000066757202;0.6273000240325928;0.5946000218391418;0.6491000056266785;0.6373999714851379;0.6327000260353088;0.6601999998092651;0.6473000049591064;0.6704000234603882;0.6797999739646912;0.6700999736785889;0.6743000149726868;0.6895999908447266;0.683899998664856;0.6614999771118164;0.6875;0.6855000257492065;2.079271078109741;1.757665991783142;1.5622491836547852;1.4591763019561768;1.3835362195968628;1.3037316799163818;1.2644942998886108;1.1997331380844116;1.1578540802001953;1.0886460542678833;1.073791265487671;1.0452200174331665;0.9778760671615601;0.9604761600494385;0.9041706323623657;0.8800422549247742;0.8534156084060669;0.8052995204925537;0.8208309412002563;0.7515987753868103;0.7575563788414001;0.7301436066627502;0.6923513412475586;0.6733513474464417;0.6520806550979614;0.6356096267700195;0.59453946352005;1.8551628589630127;1.62134850025177;1.526133418083191;1.3807207345962524;1.361402153968811;1.2883591651916504;1.3778724670410156;1.2203216552734375;1.2025467157363892;1.176807165145874;1.1745613813400269;1.048326015472412;1.1176027059555054;1.0078644752502441;1.0258673429489136;1.0360701084136963;0.9602789282798767;1.0123647451400757;0.940756618976593;0.9163789749145508;0.9587703347206116;0.9399475455284119;0.8974664807319641;0.9416666030883789;1.0045490264892578;0.9229185581207275;0.9374750256538391;27.750330448150635;0.9374750256538391
19;51;0.004717655396807918;20;0.3209399878978729;0.4541400074958801;0.5112199783325195;0.5401399731636047;0.559660017490387;0.576259970664978;0.5933600068092346;0.5989400148391724;0.6078799962997437;0.6185200214385986;0.6220600008964539;0.6248999834060669;0.6344799995422363;0.6381000280380249;0.6388800144195557;0.6438599824905396;0.6443799734115601;0.6472799777984619;0.6520400047302246;0.6525800228118896;0.42750000953674316;0.49399998784065247;0.5098000168800354;0.5268999934196472;0.552299976348877;0.5526999831199646;0.5407999753952026;0.5945000052452087;0.5688999891281128;0.5981000065803528;0.5999000072479248;0.5806000232696533;0.5952000021934509;0.6144999861717224;0.6136999726295471;0.600600004196167;0.6082000136375427;0.6021999716758728;0.5990999937057495;0.6166999936103821;1.770753026008606;1.473146915435791;1.343853235244751;1.2702027559280396;1.219506859779358;1.1852920055389404;1.1444830894470215;1.1237057447433472;1.1035215854644775;1.080332636833191;1.0620943307876587;1.0551546812057495;1.0345191955566406;1.027471899986267;1.0218924283981323;1.0131380558013916;1.0124462842941284;0.9957972168922424;0.9915229678153992;0.9833672046661377;1.51662278175354;1.37504243850708;1.34076726436615;1.3125349283218384;1.257185697555542;1.2683820724487305;1.279270887374878;1.1713706254959106;1.2166167497634888;1.1376498937606812;1.1420797109603882;1.2029681205749512;1.1501606702804565;1.1076842546463013;1.1066027879714966;1.1563009023666382;1.1513789892196655;1.1740974187850952;1.161375880241394;1.1353731155395508;62.54244303703308;1.1353731155395508
20;1444;0.005289707223751726;10;0.1761000007390976;0.2802000045776367;0.3723999857902527;0.4504599869251251;0.5070599913597107;0.5589600205421448;0.5769400000572205;0.6083800196647644;0.6366999745368958;0.6671199798583984;0.266400009393692;0.29899999499320984;0.42750000953674316;0.4812999963760376;0.5306000113487244;0.5774999856948853;0.5710999965667725;0.6114000082015991;0.6324999928474426;0.6367999911308289;2.14351224899292;1.859074354171753;1.6385713815689087;1.4674301147460938;1.3333845138549805;1.2026102542877197;1.1578694581985474;1.0828739404678345;1.0015270709991455;0.9276539087295532;1.9338316917419434;1.7793058156967163;1.521992564201355;1.3848389387130737;1.2851507663726807;1.1604690551757812;1.1708213090896606;1.0778006315231323;1.0201832056045532;1.0145506858825684;14.666748523712158;1.0145506858825684
21;1279;3.460408818571765e-05;14;0.13381999731063843;0.17305999994277954;0.22832000255584717;0.23547999560832977;0.25402000546455383;0.2728399932384491;0.2898400127887726;0.3043999969959259;0.31769999861717224;0.3322199881076813;0.34115999937057495;0.35214000940322876;0.36052000522613525;0.3705599904060364;0.13109999895095825;0.225600004196167;0.23759999871253967;0.24719999730587006;0.27059999108314514;0.2921000123023987;0.3001999855041504;0.3188000023365021;0.33480000495910645;0.34290000796318054;0.35409998893737793;0.36800000071525574;0.3702000081539154;0.38370001316070557;2.300359010696411;2.2887980937957764;2.2529098987579346;2.158540964126587;2.0506794452667236;1.978785514831543;1.9222006797790527;1.8797247409820557;1.8468412160873413;1.8185545206069946;1.7922184467315674;1.7668941020965576;1.7430654764175415;1.7181142568588257;2.295969247817993;2.2762949466705322;2.2132086753845215;2.090294122695923;2.0043141841888428;1.9423919916152954;1.8920683860778809;1.8544038534164429;1.8225321769714355;1.8000999689102173;1.7732594013214111;1.7455238103866577;1.7222980260849;1.6989343166351318;17.257604598999023;1.6989343166351318
22;1690;0.08238910768748833;27;0.10214000195264816;0.0996600016951561;0.09989999979734421;0.09923999756574631;0.10078000277280807;0.09824000298976898;0.09860000014305115;0.096220001578331;0.10047999769449234;0.09836000204086304;0.09907999634742737;0.09917999804019928;0.10044000297784805;0.09945999830961227;0.1011200025677681;0.09771999716758728;0.09821999818086624;0.09849999845027924;0.09905999898910522;0.0993800014257431;0.09994000196456909;0.09784000366926193;0.09923999756574631;0.09848000109195709;0.09836000204086304;0.1008400022983551;0.09876000136137009;0.10000000149011612;0.10000000149011612;0.10000000149011612;0.10000000149011612;0.10000000149011612;0.10000000149011612;0.10000000149011612;0.10000000149011612;0.10000000149011612;0.10000000149011612;0.10000000149011612;0.10000000149011612;0.10000000149011612;0.10000000149011612;0.10000000149011612;0.10000000149011612;0.10000000149011612;0.10000000149011612;0.10000000149011612;0.10000000149011612;0.10000000149011612;0.10000000149011612;0.10000000149011612;0.10000000149011612;0.10000000149011612;0.10000000149011612;0.10000000149011612;530.6320190429688;2.320525884628296;2.3076963424682617;2.3069591522216797;2.3064749240875244;2.305387020111084;2.3046305179595947;2.3042211532592773;2.303872585296631;2.3042190074920654;2.3043882846832275;2.304459571838379;2.303658962249756;2.303565502166748;2.30355167388916;2.303426504135132;2.303142547607422;2.3036048412323;2.3032827377319336;2.3030524253845215;2.30312180519104;2.3030576705932617;2.302943468093872;2.3033690452575684;2.3031418323516846;2.303225040435791;2.3033010959625244;2.31870174407959;2.30954647064209;2.3102707862854004;2.3066437244415283;2.3077964782714844;2.3044207096099854;2.3054604530334473;2.305337905883789;2.303030014038086;2.303030252456665;2.304063320159912;2.304298162460327;2.303406238555908;2.3028295040130615;2.3032500743865967;2.302769184112549;2.303666830062866;2.302877187728882;2.3027384281158447;2.303492546081543;2.3031089305877686;2.302776575088501;2.3032913208007812;2.302724838256836;2.3029258251190186;2.3030178546905518;2.303243637084961;29.39801335334778;2.303243637084961
23;606;0.00038237781442889665;27;0.22721999883651733;0.3440200090408325;0.40727999806404114;0.451200008392334;0.48368000984191895;0.5062000155448914;0.5231000185012817;0.5409799814224243;0.5569199919700623;0.5717399716377258;0.5861799716949463;0.5990399718284607;0.6061800122261047;0.6229199767112732;0.6287999749183655;0.6403599977493286;0.6451600193977356;0.65802001953125;0.6685199737548828;0.672819972038269;0.6837999820709229;0.6911200284957886;0.6936600208282471;0.70524001121521;0.7110199928283691;0.7179399728775024;0.7186599969863892;0.28679999709129333;0.37860000133514404;0.4345000088214874;0.46459999680519104;0.489300012588501;0.4977000057697296;0.5343999862670898;0.5435000061988831;0.5619000196456909;0.5763999819755554;0.567799985408783;0.5828999876976013;0.5809999704360962;0.611299991607666;0.6223000288009644;0.6245999932289124;0.6183000206947327;0.6176999807357788;0.6351000070571899;0.6435999870300293;0.6524999737739563;0.6549000144004822;0.6549999713897705;0.6449999809265137;0.6575000286102295;0.6431000232696533;0.6658999919891357;2.0454883575439453;1.7538257837295532;1.598760724067688;1.4903665781021118;1.4130867719650269;1.3653541803359985;1.3191850185394287;1.2684838771820068;1.2314447164535522;1.1923068761825562;1.1562811136245728;1.1254816055297852;1.104403018951416;1.0643501281738281;1.0443708896636963;1.014449119567871;0.9983505606651306;0.9671567678451538;0.9437881112098694;0.9248549938201904;0.9036356806755066;0.8816521763801575;0.8650385737419128;0.842903196811676;0.8257936835289001;0.806770384311676;0.8065401315689087;1.9083937406539917;1.6959724426269531;1.5295451879501343;1.4597744941711426;1.4030117988586426;1.3896900415420532;1.2943646907806396;1.2593650817871094;1.222519874572754;1.1904425621032715;1.1950193643569946;1.1696701049804688;1.1644916534423828;1.1077581644058228;1.0740193128585815;1.0700039863586426;1.0738719701766968;1.0701589584350586;1.0312904119491577;1.0285093784332275;1.0009316205978394;1.0001040697097778;0.9826202392578125;1.0170533657073975;0.9870692491531372;1.0331405401229858;0.9760646224021912;29.540533304214478;0.9760646224021912
24;339;2.261537379023985e-05;27;0.11661999672651291;0.20137999951839447;0.265639990568161;0.29444000124931335;0.3160000145435333;0.3312000036239624;0.347680002450943;0.35947999358177185;0.3732599914073944;0.38589999079704285;0.39574000239372253;0.4070200026035309;0.4143800139427185;0.42142000794410706;0.4261400103569031;0.43724000453948975;0.4405600130558014;0.44624000787734985;0.4528000056743622;0.4584600031375885;0.46292001008987427;0.47029998898506165;0.4715999960899353;0.4780600070953369;0.4803600013256073;0.48381999135017395;0.48840001225471497;0.16899999976158142;0.24799999594688416;0.28760001063346863;0.3138999938964844;0.32820001244544983;0.335099995136261;0.3571999967098236;0.36809998750686646;0.3824999928474426;0.39570000767707825;0.4009000062942505;0.41269999742507935;0.41999998688697815;0.4253000020980835;0.43549999594688416;0.4357999861240387;0.4433000087738037;0.44859999418258667;0.4551999866962433;0.4569000005722046;0.46720001101493835;0.46059998869895935;0.47279998660087585;0.4729999899864197;0.4772000014781952;0.47929999232292175;0.48539999127388;2.2937257289886475;2.1917526721954346;2.0076091289520264;1.914945363998413;1.8587342500686646;1.8131729364395142;1.7721198797225952;1.7374104261398315;1.704457402229309;1.675372838973999;1.6499354839324951;1.6256017684936523;1.6047284603118896;1.584424376487732;1.5653266906738281;1.5475643873214722;1.5311014652252197;1.5174050331115723;1.5015569925308228;1.49038565158844;1.4768083095550537;1.4653819799423218;1.454628586769104;1.4451309442520142;1.435122013092041;1.4273160696029663;1.4178537130355835;2.273324728012085;2.0772135257720947;1.9456099271774292;1.8777376413345337;1.8308316469192505;1.792304277420044;1.7576332092285156;1.7169650793075562;1.6889407634735107;1.6609658002853394;1.6390279531478882;1.6152896881103516;1.5950995683670044;1.5766444206237793;1.562595009803772;1.5454601049423218;1.5298000574111938;1.5160627365112305;1.4987428188323975;1.4888149499893188;1.47395658493042;1.4746555089950562;1.4547170400619507;1.448506236076355;1.4363903999328613;1.4352126121520996;1.4173591136932373;31.375610828399658;1.4173591136932373
25;1148;0.0004715680183782546;8;0.208979994058609;0.30550000071525574;0.3600800037384033;0.40380001068115234;0.4417400062084198;0.4650599956512451;0.4824399948120117;0.5005199909210205;0.27309998869895935;0.34310001134872437;0.37779998779296875;0.42719998955726624;0.4399000108242035;0.45980000495910645;0.4952000081539154;0.5095999836921692;2.1232521533966064;1.8491191864013672;1.712902307510376;1.610603928565979;1.5228768587112427;1.4660667181015015;1.4159822463989258;1.3710516691207886;1.923222303390503;1.7654414176940918;1.6544896364212036;1.5546458959579468;1.531719446182251;1.4544209241867065;1.387684941291809;1.3484238386154175;13.3443124294281;1.3484238386154175
26;34;0.006283967341158632;15;0.2778399884700775;0.4081999957561493;0.4499000012874603;0.47383999824523926;0.488319993019104;0.5005800127983093;0.5090399980545044;0.5118399858474731;0.5224400162696838;0.528980016708374;0.5289599895477295;0.5353999733924866;0.5357800126075745;0.540440022945404;0.5401999950408936;0.314300000667572;0.4447000026702881;0.4722999930381775;0.478300005197525;0.4832000136375427;0.5019000172615051;0.46860000491142273;0.501800000667572;0.49230000376701355;0.45350000262260437;0.5167999863624573;0.534500002861023;0.5092999935150146;0.5321000218391418;0.5266000032424927;1.8604512214660645;1.578383445739746;1.4912530183792114;1.4361109733581543;1.405842661857605;1.3704466819763184;1.3526793718338013;1.3414180278778076;1.3234877586364746;1.3070013523101807;1.3037495613098145;1.2822976112365723;1.2874988317489624;1.28461754322052;1.2834267616271973;1.701216459274292;1.4895879030227661;1.4293900728225708;1.434328317642212;1.4028651714324951;1.376052737236023;1.4782518148422241;1.3779062032699585;1.4451985359191895;1.488214373588562;1.333345651626587;1.3018966913223267;1.3507558107376099;1.3101916313171387;1.315414547920227;66.53736901283264;1.315414547920227
27;638;0.00020375331531552433;16;0.210099995136261;0.31332001090049744;0.37856000661849976;0.41929998993873596;0.44721999764442444;0.46810001134872437;0.48388001322746277;0.499099999666214;0.5118799805641174;0.5283399820327759;0.5395399928092957;0.5475800037384033;0.5598000288009644;0.5676599740982056;0.5730800032615662;0.5853999853134155;0.2775999903678894;0.3555000126361847;0.4007999897003174;0.4345000088214874;0.45159998536109924;0.47690001130104065;0.48500001430511475;0.5008000135421753;0.522599995136261;0.5260999798774719;0.5424000024795532;0.5562000274658203;0.5649999976158142;0.5378999710083008;0.5651000142097473;0.5752000212669373;2.1456730365753174;1.845466136932373;1.699647307395935;1.5858627557754517;1.5171078443527222;1.459905982017517;1.420919418334961;1.3796464204788208;1.3432072401046753;1.3067947626113892;1.2727831602096558;1.2526813745498657;1.2265218496322632;1.205244541168213;1.1891916990280151;1.1601656675338745;1.9681090116500854;1.7441798448562622;1.6274086236953735;1.5414036512374878;1.4916476011276245;1.431208848953247;1.4174866676330566;1.3820393085479736;1.3187968730926514;1.3029074668884277;1.266460657119751;1.2468421459197998;1.2195539474487305;1.2838937044143677;1.2269986867904663;1.1933422088623047;19.422828197479248;1.1933422088623047
28;378;0.03243732646617845;10;0.10041999816894531;0.10187999904155731;0.09799999743700027;0.09969999641180038;0.09976000338792801;0.09985999763011932;0.0996600016951561;0.09916000068187714;0.09883999824523926;0.09997999668121338;0.10000000149011612;0.10000000149011612;0.10000000149011612;0.10000000149011612;0.10000000149011612;0.10000000149011612;0.10000000149011612;0.10000000149011612;0.10000000149011612;0.10000000149011612;2.555375099182129;2.303556203842163;2.3036410808563232;2.303562879562378;2.303694248199463;2.3036997318267822;2.3035995960235596;2.3038344383239746;2.3038272857666016;2.3040926456451416;2.3036258220672607;2.3032710552215576;2.3034307956695557;2.303439140319824;2.3035881519317627;2.3037967681884766;2.303307056427002;2.304212808609009;2.303776264190674;2.303805351257324;13.978400945663452;2.303805351257324
29;1803;5.804797429768179e-05;13;0.133200004696846;0.1685200035572052;0.2110999971628189;0.2291399985551834;0.2646999955177307;0.2879199981689453;0.3009200096130371;0.3179599940776825;0.3330000042915344;0.34797999262809753;0.36215999722480774;0.37384000420570374;0.384660005569458;0.16220000386238098;0.18850000202655792;0.22660000622272491;0.25540000200271606;0.28780001401901245;0.298799991607666;0.31220000982284546;0.3325999975204468;0.3440000116825104;0.3646000027656555;0.3718999922275543;0.38350000977516174;0.3905999958515167;2.297966718673706;2.2800068855285645;2.2190933227539062;2.096601963043213;2.0006141662597656;1.926429271697998;1.867783546447754;1.8251811265945435;1.7894865274429321;1.754714846611023;1.7242743968963623;1.695688009262085;1.6683226823806763;2.291855812072754;2.259084701538086;2.1572046279907227;2.0334489345550537;1.9543689489364624;1.8857874870300293;1.838304877281189;1.7997835874557495;1.7659214735031128;1.7333472967147827;1.7063679695129395;1.676507592201233;1.653452754020691;17.464317083358765;1.653452754020691
30;529;1.5575965128608962e-05;25;0.12020000070333481;0.17467999458312988;0.20282000303268433;0.23576000332832336;0.25624001026153564;0.27507999539375305;0.2875800132751465;0.2994999885559082;0.3086400032043457;0.3183000087738037;0.3281799852848053;0.3355799913406372;0.3450799882411957;0.35218000411987305;0.35934001207351685;0.36660000681877136;0.3730199933052063;0.3799999952316284;0.38769999146461487;0.39028000831604004;0.3963800072669983;0.4027999937534332;0.40755999088287354;0.41262000799179077;0.415800005197525;0.15479999780654907;0.18569999933242798;0.22859999537467957;0.2345000058412552;0.27630001306533813;0.2874999940395355;0.3003999888896942;0.3068000078201294;0.31349998712539673;0.3237999975681305;0.335099995136261;0.34470000863075256;0.3531000018119812;0.357699990272522;0.3637999892234802;0.37610000371932983;0.37700000405311584;0.38690000772476196;0.3871000111103058;0.39890000224113464;0.4034999907016754;0.40619999170303345;0.41029998660087585;0.4156000018119812;0.42089998722076416;2.298034906387329;2.278144121170044;2.2193620204925537;2.115983009338379;2.0320019721984863;1.967844009399414;1.9143691062927246;1.873950481414795;1.843354344367981;1.8190873861312866;1.7984358072280884;1.7793266773223877;1.7615684270858765;1.7445236444473267;1.7277048826217651;1.7112236022949219;1.6963841915130615;1.6822043657302856;1.6683571338653564;1.6553623676300049;1.6417378187179565;1.629127860069275;1.6165359020233154;1.6047817468643188;1.5926157236099243;2.290982723236084;2.2575953006744385;2.1679491996765137;2.0630905628204346;1.9933096170425415;1.9329215288162231;1.884763240814209;1.8497902154922485;1.8223943710327148;1.800324559211731;1.7818710803985596;1.763517141342163;1.7458480596542358;1.7293320894241333;1.7120693922042847;1.696855068206787;1.6846449375152588;1.6681009531021118;1.6552966833114624;1.6433148384094238;1.6295711994171143;1.617018222808838;1.6084058284759521;1.5938189029693604;1.5844684839248657;27.149293661117554;1.5844684839248657
31;1256;0.06439589174747434;14;0.10053999722003937;0.09861999750137329;0.09769999980926514;0.09961999952793121;0.09798000007867813;0.09898000210523605;0.10102000087499619;0.09973999857902527;0.09854000061750412;0.10040000081062317;0.09963999688625336;0.09893999993801117;0.09870000183582306;0.097120001912117;0.10000000149011612;0.10000000149011612;0.10000000149011612;0.10000000149011612;0.10000000149011612;0.10000000149011612;0.10000000149011612;0.10000000149011612;0.10000000149011612;0.10000000149011612;0.10000000149011612;0.10000000149011612;0.10000000149011612;0.10000000149011612;87.01023864746094;2.3211939334869385;2.3052725791931152;2.3052921295166016;2.3047194480895996;2.303743839263916;2.304258346557617;2.3042895793914795;2.3035528659820557;2.3041532039642334;2.3036844730377197;2.3035848140716553;2.3035476207733154;2.304391384124756;2.426738977432251;2.3038063049316406;2.3035194873809814;2.305809259414673;2.303219795227051;2.3039917945861816;2.305239677429199;2.303311586380005;2.3028781414031982;2.3042964935302734;2.3038952350616455;2.303199291229248;2.303697109222412;2.303985834121704;19.05695652961731;2.303985834121704
32;1700;0.0002927388674446383;16;0.16463999450206757;0.27046000957489014;0.31442001461982727;0.3533799946308136;0.3845599889755249;0.4087199866771698;0.4326399862766266;0.4435400068759918;0.45976001024246216;0.46959999203681946;0.48118001222610474;0.49480000138282776;0.5038599967956543;0.5109599828720093;0.5204399824142456;0.5272600054740906;0.23659999668598175;0.30140000581741333;0.3481999933719635;0.3736000061035156;0.3887999951839447;0.4172999858856201;0.4422000050544739;0.44769999384880066;0.4595000147819519;0.462799996137619;0.4862000048160553;0.49320000410079956;0.5004000067710876;0.5139999985694885;0.5166000127792358;0.5238999724388123;2.2374958992004395;1.9664771556854248;1.8372877836227417;1.7480970621109009;1.6685059070587158;1.6005855798721313;1.540034532546997;1.5143169164657593;1.4680840969085693;1.450210452079773;1.4162566661834717;1.391480803489685;1.3655577898025513;1.3488448858261108;1.3263576030731201;1.3102895021438599;2.0812125205993652;1.8833836317062378;1.7746527194976807;1.6987056732177734;1.6357351541519165;1.5587522983551025;1.5154882669448853;1.484604835510254;1.462947130203247;1.4466631412506104;1.4063249826431274;1.3823795318603516;1.3756169080734253;1.335646629333496;1.3278613090515137;1.326051115989685;20.425533533096313;1.326051115989685
33;1264;0.01358232716634378;21;0.1035199984908104;0.10478000342845917;0.10366000235080719;0.12030000239610672;0.11438000202178955;0.1698399931192398;0.19368000328540802;0.2486799955368042;0.2936199903488159;0.33313998579978943;0.3586600124835968;0.388480007648468;0.4094800055027008;0.4134800136089325;0.4253999888896942;0.4350999891757965;0.4431999921798706;0.44765999913215637;0.4606800079345703;0.46028000116348267;0.46459999680519104;0.12030000239610672;0.1006999984383583;0.10109999775886536;0.10000000149011612;0.16339999437332153;0.19470000267028809;0.20819999277591705;0.2721000015735626;0.3010999858379364;0.35089999437332153;0.3637999892234802;0.4041999876499176;0.4187999963760376;0.41769999265670776;0.42669999599456787;0.4223000109195709;0.4334999918937683;0.44519999623298645;0.45190000534057617;0.45239999890327454;0.4564000070095062;2.329955816268921;2.3054239749908447;2.300121784210205;2.292177677154541;2.2912542819976807;2.1706197261810303;2.0447044372558594;1.9205487966537476;1.8314030170440674;1.754591464996338;1.7170155048370361;1.6453934907913208;1.6051450967788696;1.5920146703720093;1.5603597164154053;1.5389683246612549;1.519117832183838;1.5055369138717651;1.479758620262146;1.4765385389328003;1.465857982635498;2.2751686573028564;2.3026046752929688;2.2979061603546143;2.311837673187256;2.2226617336273193;2.0691885948181152;2.0058388710021973;1.8762472867965698;1.8038722276687622;1.7323355674743652;1.6834771633148193;1.6122325658798218;1.5907889604568481;1.5666781663894653;1.5559821128845215;1.567138433456421;1.5449073314666748;1.5052039623260498;1.4878796339035034;1.4951865673065186;1.4756267070770264;24.01093101501465;1.4756267070770264
34;721;4.295802060533053e-05;20;0.14270000159740448;0.19901999831199646;0.24595999717712402;0.2792400121688843;0.30559998750686646;0.3313399851322174;0.3515399992465973;0.36809998750686646;0.38269999623298645;0.3935000002384186;0.4051400125026703;0.4120199978351593;0.4193600118160248;0.42517998814582825;0.43088001012802124;0.43501999974250793;0.44440001249313354;0.44944000244140625;0.45333999395370483;0.4555400013923645;0.1597999930381775;0.23119999468326569;0.2766000032424927;0.29829999804496765;0.32580000162124634;0.3499999940395355;0.367000013589859;0.3799999952316284;0.39469999074935913;0.39969998598098755;0.4081000089645386;0.4156999886035919;0.4180999994277954;0.43050000071525574;0.4361000061035156;0.4359000027179718;0.44209998846054077;0.4507000148296356;0.45750001072883606;0.4602999985218048;2.289595603942871;2.186812400817871;2.0363645553588867;1.927024245262146;1.850407361984253;1.7943024635314941;1.7475258111953735;1.708445429801941;1.6731234788894653;1.6436123847961426;1.618536353111267;1.5963876247406006;1.5770950317382812;1.5597695112228394;1.543684720993042;1.5326067209243774;1.5168319940567017;1.503390908241272;1.4919918775558472;1.4840234518051147;2.263550043106079;2.089341878890991;1.972319483757019;1.8756070137023926;1.8172714710235596;1.7690191268920898;1.726913332939148;1.6870200634002686;1.6576716899871826;1.6337472200393677;1.6095609664916992;1.5895167589187622;1.5717369318008423;1.5587438344955444;1.5400093793869019;1.5286105871200562;1.5148762464523315;1.5052320957183838;1.4935859441757202;1.4816261529922485;22.94334602355957;1.4816261529922485
35;1914;1.8945314003459596e-05;27;0.13840000331401825;0.15625999867916107;0.18401999771595;0.2023400068283081;0.2060600072145462;0.21055999398231506;0.2146800011396408;0.22023999691009521;0.23518000543117523;0.24838000535964966;0.2591800093650818;0.26423999667167664;0.27399998903274536;0.2804200053215027;0.2862600088119507;0.2916800081729889;0.294840008020401;0.3027600049972534;0.3073999881744385;0.3078800141811371;0.31321999430656433;0.319599986076355;0.32273998856544495;0.32899999618530273;0.33032000064849854;0.3381600081920624;0.34073999524116516;0.15399999916553497;0.17010000348091125;0.1915999948978424;0.20489999651908875;0.21389999985694885;0.21240000426769257;0.22689999639987946;0.2393999993801117;0.24779999256134033;0.262800008058548;0.2678000032901764;0.2815999984741211;0.2858000099658966;0.2897000014781952;0.29409998655319214;0.3021000027656555;0.31220000982284546;0.31220000982284546;0.31299999356269836;0.31929999589920044;0.32670000195503235;0.3264999985694885;0.33559998869895935;0.3346000015735626;0.34150001406669617;0.34439998865127563;0.35280001163482666;2.3003158569335938;2.295480251312256;2.2888591289520264;2.277867078781128;2.2601914405822754;2.2321417331695557;2.191598653793335;2.1427390575408936;2.096721649169922;2.061422348022461;2.0342657566070557;2.0113906860351562;1.9888525009155273;1.9668024778366089;1.9441977739334106;1.9227607250213623;1.9030431509017944;1.8854566812515259;1.8692814111709595;1.855067491531372;1.8416826725006104;1.8297250270843506;1.8187977075576782;1.8079701662063599;1.7976449728012085;1.7879893779754639;1.7775911092758179;2.2977516651153564;2.2923829555511475;2.283754348754883;2.2693557739257812;2.246626615524292;2.211376667022705;2.164687395095825;2.1142842769622803;2.073122024536133;2.0421884059906006;2.017439126968384;1.9947290420532227;1.9721156358718872;1.949249029159546;1.9272987842559814;1.9059361219406128;1.8870220184326172;1.8705005645751953;1.8543342351913452;1.8402754068374634;1.8279677629470825;1.8161168098449707;1.8056117296218872;1.7958014011383057;1.7855221033096313;1.7757971286773682;1.7665014266967773;26.451775074005127;1.7665014266967773
36;1664;0.04587738454360134;18;0.10208000242710114;0.09793999791145325;0.10034000128507614;0.0993800014257431;0.09969999641180038;0.09854000061750412;0.09907999634742737;0.09994000196456909;0.09982000291347504;0.0987199991941452;0.09892000257968903;0.09877999871969223;0.10056000202894211;0.10051999986171722;0.10087999701499939;0.09917999804019928;0.09803999960422516;0.09852000325918198;0.10000000149011612;0.10000000149011612;0.10000000149011612;0.10000000149011612;0.10000000149011612;0.10000000149011612;0.10000000149011612;0.10000000149011612;0.10000000149011612;0.10000000149011612;0.10000000149011612;0.10000000149011612;0.10000000149011612;0.10000000149011612;0.10000000149011612;0.10000000149011612;0.10000000149011612;0.10000000149011612;17.45778465270996;2.3045198917388916;2.304037094116211;2.3032336235046387;2.3039422035217285;2.303699493408203;2.303579330444336;2.303514003753662;2.303661584854126;2.303478956222534;2.3035366535186768;2.3035528659820557;2.303276777267456;2.3034191131591797;2.3031790256500244;2.3031795024871826;2.3031554222106934;2.303048610687256;2.303847551345825;2.304006814956665;2.3034868240356445;2.3041834831237793;2.3030149936676025;2.302993059158325;2.3028998374938965;2.3038275241851807;2.3030924797058105;2.303086519241333;2.303093910217285;2.3030128479003906;2.303495168685913;2.3030600547790527;2.3028721809387207;2.3028628826141357;2.302983283996582;2.3029727935791016;20.106082677841187;2.3029727935791016
37;368;0.006272179661223669;22;0.2606799900531769;0.4486599862575531;0.5372800230979919;0.5926200151443481;0.6327400207519531;0.6518999934196472;0.6724200248718262;0.6869000196456909;0.7053200006484985;0.7193800210952759;0.731660008430481;0.7418799996376038;0.7458199858665466;0.7500200271606445;0.7584599852561951;0.7659000158309937;0.7686799764633179;0.7768800258636475;0.7786999940872192;0.7926599979400635;0.7961599826812744;0.7979199886322021;0.39469999074935913;0.5083000063896179;0.5605000257492065;0.5940999984741211;0.6225000023841858;0.6532999873161316;0.6509000062942505;0.6545000076293945;0.6729000210762024;0.6589000225067139;0.6891000270843506;0.6647999882698059;0.6858999729156494;0.6876000165939331;0.67330002784729;0.6973000168800354;0.6934000253677368;0.6902999877929688;0.6776000261306763;0.6829000115394592;0.6844000220298767;0.6748999953269958;1.920182704925537;1.4816700220108032;1.269389033317566;1.135083794593811;1.0281305313110352;0.9786683320999146;0.9193935394287109;0.8795165419578552;0.8322213292121887;0.7892986536026001;0.7505765557289124;0.7256510257720947;0.7170628905296326;0.7019585371017456;0.6778455376625061;0.6580947041511536;0.6378921270370483;0.6224058270454407;0.6181318759918213;0.5768623948097229;0.5736750364303589;0.5613962411880493;1.613816738128662;1.3343144655227661;1.2239598035812378;1.129753589630127;1.074830412864685;0.9848214983940125;0.9931638836860657;0.9901626110076904;0.9518511891365051;0.9858762621879578;0.9030458927154541;0.9682938456535339;0.9266561269760132;0.9287799596786499;0.9685497283935547;0.9180637001991272;0.9337031245231628;0.943917453289032;0.9768040776252747;1.0034692287445068;1.026673674583435;1.0366569757461548;25.89158535003662;1.0366569757461548
38;589;8.206261567863331e-05;19;0.15928000211715698;0.27226001024246216;0.31571999192237854;0.35425999760627747;0.38447999954223633;0.40836000442504883;0.43022000789642334;0.44492000341415405;0.45871999859809875;0.4715000092983246;0.480320006608963;0.4909999966621399;0.49757999181747437;0.5062199831008911;0.5146600008010864;0.5203800201416016;0.528659999370575;0.5330600142478943;0.5402600169181824;0.25699999928474426;0.2919999957084656;0.3402000069618225;0.37619999051094055;0.3952000141143799;0.4268999993801117;0.4401000142097473;0.450300008058548;0.4675000011920929;0.46889999508857727;0.48500001430511475;0.491100013256073;0.5004000067710876;0.5062999725341797;0.5109000205993652;0.517799973487854;0.5291000008583069;0.5303000211715698;0.5404000282287598;2.2657012939453125;1.9941691160202026;1.8393540382385254;1.7494935989379883;1.6767826080322266;1.6139321327209473;1.5589934587478638;1.5163369178771973;1.4798825979232788;1.4491864442825317;1.4238039255142212;1.3977361917495728;1.3809117078781128;1.3592771291732788;1.3413171768188477;1.3232111930847168;1.3041554689407349;1.2928738594055176;1.2778126001358032;2.1564078330993652;1.91078519821167;1.785060167312622;1.7027071714401245;1.6465290784835815;1.5855644941329956;1.5314537286758423;1.5081099271774292;1.4632915258407593;1.4392045736312866;1.4215449094772339;1.3945541381835938;1.3754627704620361;1.3579237461090088;1.341535210609436;1.325101613998413;1.3052124977111816;1.30911386013031;1.282425045967102;22.08051872253418;1.282425045967102
39;246;5.066362496243264e-05;7;0.21101999282836914;0.28968000411987305;0.3409999907016754;0.3815400004386902;0.41019999980926514;0.43367999792099;0.44940000772476196;0.26249998807907104;0.31540000438690186;0.36570000648498535;0.3887999951839447;0.4244000017642975;0.4438000023365021;0.4564000070095062;2.172231912612915;1.8917005062103271;1.7832856178283691;1.6903789043426514;1.6123303174972534;1.5553443431854248;1.5109004974365234;1.9797279834747314;1.8455499410629272;1.728997826576233;1.651816964149475;1.576826810836792;1.529551386833191;1.489784836769104;11.806289434432983;1.489784836769104
40;470;1.179746835589486e-05;19;0.1404999941587448;0.1757200062274933;0.20399999618530273;0.24062000215053558;0.25126001238822937;0.25905999541282654;0.27300000190734863;0.28209999203681946;0.29541999101638794;0.30480000376701355;0.3152799904346466;0.3201799988746643;0.32958000898361206;0.3357599973678589;0.34310001134872437;0.3490400016307831;0.3559800088405609;0.36353999376296997;0.36800000071525574;0.15530000627040863;0.17649999260902405;0.23559999465942383;0.24210000038146973;0.24310000240802765;0.2694999873638153;0.2700999975204468;0.29159998893737793;0.3018999993801117;0.3172000050544739;0.3203999996185303;0.3273000121116638;0.3353999853134155;0.34220001101493835;0.35100001096725464;0.35510000586509705;0.36230000853538513;0.3684000074863434;0.3741999864578247;2.299687147140503;2.2908170223236084;2.2702314853668213;2.217694044113159;2.1197216510772705;2.023576259613037;1.9587163925170898;1.9198906421661377;1.8937674760818481;1.872428297996521;1.8535547256469727;1.83648681640625;1.820054054260254;1.8039345741271973;1.7881553173065186;1.7723987102508545;1.7568364143371582;1.7419995069503784;1.7275310754776;2.2961909770965576;2.283339738845825;2.250999689102173;2.1723268032073975;2.064103603363037;1.982045292854309;1.9327242374420166;1.9013221263885498;1.877860188484192;1.857287883758545;1.840111494064331;1.8233357667922974;1.8060455322265625;1.790542721748352;1.7765111923217773;1.7594550848007202;1.7439603805541992;1.729535698890686;1.7150212526321411;22.710700035095215;1.7150212526321411
41;1189;0.00011939460164166242;25;0.15060000121593475;0.23649999499320984;0.27017998695373535;0.3039399981498718;0.3249000012874603;0.3460800051689148;0.3684200048446655;0.38944000005722046;0.40922001004219055;0.4225200116634369;0.4351600110530853;0.4462999999523163;0.45188000798225403;0.4670200049877167;0.47492000460624695;0.48006001114845276;0.48532000184059143;0.495059996843338;0.4991599917411804;0.5071200132369995;0.5084999799728394;0.5177599787712097;0.5222399830818176;0.524940013885498;0.5302199721336365;0.22699999809265137;0.25540000200271606;0.30250000953674316;0.3043999969959259;0.33239999413490295;0.35910001397132874;0.38089999556541443;0.40230000019073486;0.41780000925064087;0.42890000343322754;0.4284999966621399;0.4316999912261963;0.4587000012397766;0.46380001306533813;0.46369999647140503;0.4749000072479248;0.474700003862381;0.47870001196861267;0.49810001254081726;0.47600001096725464;0.5052000284194946;0.4977000057697296;0.5184000134468079;0.5103999972343445;0.5077999830245972;2.281125783920288;2.105625629425049;1.9488893747329712;1.859794020652771;1.807420015335083;1.7657651901245117;1.7171359062194824;1.667358636856079;1.6174484491348267;1.5799578428268433;1.5420515537261963;1.5123451948165894;1.4952046871185303;1.4628809690475464;1.4434397220611572;1.4283397197723389;1.4127922058105469;1.3961424827575684;1.3810267448425293;1.3651875257492065;1.3576631546020508;1.3388596773147583;1.3264358043670654;1.3148247003555298;1.305262565612793;2.2252914905548096;1.999514102935791;1.8906408548355103;1.8484935760498047;1.8131318092346191;1.7456228733062744;1.6892693042755127;1.6389800310134888;1.6104155778884888;1.5559587478637695;1.5460280179977417;1.5417104959487915;1.4773938655853271;1.4630897045135498;1.472336769104004;1.4328159093856812;1.4448332786560059;1.4282090663909912;1.3869094848632812;1.4229527711868286;1.3692805767059326;1.381543755531311;1.3408290147781372;1.3504992723464966;1.3522695302963257;25.43046545982361;1.3522695302963257
42;130;0.043849398131206134;25;0.09765999764204025;0.10012000054121017;0.09907999634742737;0.09984000027179718;0.09803999960422516;0.09957999736070633;0.09920000284910202;0.10147999972105026;0.10066000372171402;0.10013999789953232;0.1009799987077713;0.1017799973487854;0.09736000001430511;0.09861999750137329;0.09870000183582306;0.09898000210523605;0.10013999789953232;0.09923999756574631;0.098580002784729;0.09898000210523605;0.09916000068187714;0.1003199964761734;0.09802000224590302;0.10131999850273132;0.09995999932289124;0.10000000149011612;0.10000000149011612;0.10000000149011612;0.10000000149011612;0.10000000149011612;0.10000000149011612;0.10000000149011612;0.10000000149011612;0.10000000149011612;0.10000000149011612;0.10000000149011612;0.10000000149011612;0.10000000149011612;0.10000000149011612;0.10000000149011612;0.10000000149011612;0.10000000149011612;0.10000000149011612;0.10000000149011612;0.10000000149011612;0.10000000149011612;0.10000000149011612;0.10000000149011612;0.10000000149011612;0.10000000149011612;23.419076919555664;2.3050403594970703;2.3052010536193848;2.3055124282836914;2.305417537689209;2.3057868480682373;2.3054401874542236;2.3051681518554688;2.305539846420288;2.3054680824279785;2.305196762084961;2.305724859237671;2.3057873249053955;2.305366277694702;2.305861234664917;2.305497884750366;2.3055479526519775;2.305159568786621;2.3062362670898438;2.3050711154937744;2.305293560028076;2.305255651473999;2.305556535720825;2.305518627166748;2.305738925933838;2.3035004138946533;2.304340124130249;2.3043930530548096;2.303957462310791;2.305783748626709;2.3039937019348145;2.3049840927124023;2.304342031478882;2.3055224418640137;2.3067049980163574;2.3046610355377197;2.3060779571533203;2.3053090572357178;2.3059725761413574;2.303717613220215;2.3045475482940674;2.305574893951416;2.3041272163391113;2.3041083812713623;2.3082222938537598;2.306488513946533;2.3060717582702637;2.3067874908447266;2.3051280975341797;2.307722568511963;36.74705362319946;2.307722568511963
43;739;0.00015789642776582242;28;0.18863999843597412;0.2874400019645691;0.33744001388549805;0.3801000118255615;0.4104599952697754;0.43276000022888184;0.4497799873352051;0.4669399857521057;0.4816800057888031;0.4918400049209595;0.4984000027179718;0.5106599926948547;0.5210199952125549;0.5305200219154358;0.5369799733161926;0.5460399985313416;0.5516600012779236;0.5555599927902222;0.5656800270080566;0.5690799951553345;0.5768799781799316;0.5825999975204468;0.5850600004196167;0.5903000235557556;0.5971199870109558;0.6024199724197388;0.6093199849128723;0.6099399924278259;0.24500000476837158;0.31619998812675476;0.37310001254081726;0.3984000086784363;0.42570000886917114;0.44510000944137573;0.459199994802475;0.47940000891685486;0.4794999957084656;0.4756999909877777;0.5055999755859375;0.5170999765396118;0.5228999853134155;0.5297999978065491;0.5406000018119812;0.544700026512146;0.5539000034332275;0.5573999881744385;0.5631999969482422;0.5619999766349792;0.5740000009536743;0.5741000175476074;0.5835000276565552;0.573199987411499;0.5856999754905701;0.5831000208854675;0.5892999768257141;0.5993000268936157;2.1945765018463135;1.9079495668411255;1.7704832553863525;1.6826140880584717;1.6045074462890625;1.5448716878890991;1.5008926391601562;1.463830590248108;1.4290597438812256;1.4038920402526855;1.381103754043579;1.3548146486282349;1.3289340734481812;1.3064818382263184;1.289236307144165;1.2668201923370361;1.2499372959136963;1.2403664588928223;1.2173948287963867;1.2044777870178223;1.1862218379974365;1.1715627908706665;1.1643074750900269;1.1474090814590454;1.135209560394287;1.119903802871704;1.1056030988693237;1.0963600873947144;2.017975091934204;1.8181029558181763;1.7088733911514282;1.6390300989151;1.5624479055404663;1.5148473978042603;1.4736685752868652;1.4422560930252075;1.4227240085601807;1.442103624343872;1.3680390119552612;1.3471239805221558;1.3297843933105469;1.3102830648422241;1.286427617073059;1.2814970016479492;1.2560832500457764;1.2473335266113281;1.2393059730529785;1.2253307104110718;1.2038193941116333;1.2038452625274658;1.1875709295272827;1.2081466913223267;1.1682963371276855;1.1763533353805542;1.1486972570419312;1.134238839149475;29.192881107330322;1.134238839149475
44;1113;0.09776467537297094;19;0.09865999966859818;0.10007999837398529;0.09932000190019608;0.09802000224590302;0.09916000068187714;0.0993800014257431;0.09954000264406204;0.09984000027179718;0.0972599983215332;0.09861999750137329;0.09843999892473221;0.09679999947547913;0.09972000122070312;0.10047999769449234;0.10053999722003937;0.10113999992609024;0.10029999911785126;0.10171999782323837;0.09935999661684036;0.10000000149011612;0.10000000149011612;0.10000000149011612;0.10000000149011612;0.10000000149011612;0.10000000149011612;0.10000000149011612;0.10000000149011612;0.10000000149011612;0.10000000149011612;0.10000000149011612;0.10000000149011612;0.10000000149011612;0.10000000149011612;0.10000000149011612;0.10000000149011612;0.10000000149011612;0.10000000149011612;0.10000000149011612;282.6661682128906;2.304713249206543;2.3040390014648438;2.30391526222229;2.303797721862793;2.3040504455566406;2.3033180236816406;2.303647756576538;2.3039331436157227;2.3034136295318604;2.3031928539276123;2.3034462928771973;2.303574800491333;2.30344557762146;2.3038418292999268;2.3037946224212646;2.3036000728607178;2.303976535797119;2.3037819862365723;2.3053252696990967;2.3046629428863525;2.304460048675537;2.3037970066070557;2.3030569553375244;2.3036396503448486;2.3032257556915283;2.303396463394165;2.3029110431671143;2.302919387817383;2.3030354976654053;2.303135395050049;2.303908109664917;2.304516315460205;2.3038642406463623;2.3042078018188477;2.303236246109009;2.3038551807403564;2.30389142036438;22.176504373550415;2.30389142036438
45;1978;0.0636725646522389;28;0.10051999986171722;0.10044000297784805;0.09914000332355499;0.10050000250339508;0.09867999702692032;0.09982000291347504;0.09944000095129013;0.0975399985909462;0.0996600016951561;0.10029999911785126;0.09814000129699707;0.10057999938726425;0.098580002784729;0.10063999891281128;0.10057999938726425;0.09802000224590302;0.10108000040054321;0.09950000047683716;0.09916000068187714;0.09814000129699707;0.09950000047683716;0.09818000346422195;0.09826000034809113;0.09939999878406525;0.0995199978351593;0.09917999804019928;0.09967999905347824;0.09821999818086624;0.10000000149011612;0.10000000149011612;0.10000000149011612;0.10000000149011612;0.10000000149011612;0.10000000149011612;0.10000000149011612;0.10000000149011612;0.10000000149011612;0.10000000149011612;0.10000000149011612;0.10000000149011612;0.10000000149011612;0.10000000149011612;0.10000000149011612;0.10000000149011612;0.10000000149011612;0.10000000149011612;0.10000000149011612;0.10000000149011612;0.10000000149011612;0.10000000149011612;0.10000000149011612;0.10000000149011612;0.10000000149011612;0.10000000149011612;0.10000000149011612;0.10000000149011612;218.82232666015625;2.508999824523926;2.320852279663086;2.308783531188965;2.3058409690856934;2.3044464588165283;2.3052480220794678;2.3099074363708496;2.30717396736145;2.308969736099243;2.3052403926849365;2.303955078125;2.3047375679016113;2.3048627376556396;2.3037986755371094;2.305112838745117;2.3041160106658936;2.3043503761291504;2.303077220916748;2.3031458854675293;2.3033034801483154;2.3029592037200928;2.3032093048095703;2.3028130531311035;2.303105354309082;2.3029980659484863;2.302929639816284;2.3031015396118164;2.3279287815093994;2.3347487449645996;2.3281168937683105;2.3038716316223145;2.3036022186279297;2.3034465312957764;2.312725067138672;2.316667079925537;2.3099007606506348;2.304299831390381;2.3039727210998535;2.303542375564575;2.308927059173584;2.303696393966675;2.304131031036377;2.3054566383361816;2.3055942058563232;2.3028931617736816;2.3031859397888184;2.303077459335327;2.302809476852417;2.3026602268218994;2.302870273590088;2.302710771560669;2.3027446269989014;2.3028995990753174;2.3032379150390625;2.3029239177703857;28.69254469871521;2.3029239177703857
46;50;0.005513033020331329;22;0.26798000931739807;0.4011799991130829;0.44218000769615173;0.47102001309394836;0.4898200035095215;0.49970000982284546;0.5120400190353394;0.5232800245285034;0.5328599810600281;0.538320004940033;0.5458999872207642;0.5491200089454651;0.5547000169754028;0.5532000064849854;0.5575199723243713;0.5619800090789795;0.5633599758148193;0.5699800252914429;0.572160005569458;0.569920003414154;0.5734800100326538;0.5803400278091431;0.3926999866962433;0.43230000138282776;0.4668999910354614;0.4927999973297119;0.4681999981403351;0.4991999864578247;0.515500009059906;0.5174000263214111;0.5396999716758728;0.5116000175476074;0.5318999886512756;0.5471000075340271;0.5295000076293945;0.5486000180244446;0.5360000133514404;0.5467000007629395;0.5526999831199646;0.5453000068664551;0.5268999934196472;0.5509999990463257;0.5465999841690063;0.5457000136375427;1.8941541910171509;1.5906860828399658;1.4984281063079834;1.4396724700927734;1.4014681577682495;1.3674896955490112;1.3427720069885254;1.3170721530914307;1.296427845954895;1.2852981090545654;1.2698771953582764;1.2559956312179565;1.2458819150924683;1.2437431812286377;1.2340819835662842;1.22719144821167;1.2203688621520996;1.2098667621612549;1.2020643949508667;1.204580307006836;1.197333574295044;1.1893242597579956;1.6035109758377075;1.5220469236373901;1.4574097394943237;1.393071174621582;1.508925199508667;1.3662728071212769;1.3269433975219727;1.3421599864959717;1.2993264198303223;1.3660439252853394;1.3260563611984253;1.269744634628296;1.3036741018295288;1.2773607969284058;1.303149700164795;1.2957977056503296;1.2567147016525269;1.2857249975204468;1.3327555656433105;1.2555326223373413;1.2672349214553833;1.2770605087280273;67.84987568855286;1.2770605087280273
47;1493;0.025466593473009884;7;0.10236000269651413;0.09901999682188034;0.09982000291347504;0.09854000061750412;0.09948000311851501;0.10063999891281128;0.09911999851465225;0.10000000149011612;0.10000000149011612;0.10000000149011612;0.10000000149011612;0.10000000149011612;0.10000000149011612;0.10000000149011612;3.0745737552642822;2.3040711879730225;2.3033692836761475;2.303056240081787;2.302884817123413;2.302882432937622;2.3028159141540527;2.3049046993255615;2.303069591522217;2.3029584884643555;2.3028290271759033;2.3027267456054688;2.302772283554077;2.3028104305267334;12.182567358016968;2.3028104305267334
48;1240;1.642865799538743e-05;7;0.11924000084400177;0.11395999789237976;0.17197999358177185;0.20851999521255493;0.23837999999523163;0.26006001234054565;0.2672800123691559;0.10679999738931656;0.12559999525547028;0.1818999946117401;0.19509999454021454;0.24889999628067017;0.26510000228881836;0.26409998536109924;2.298964500427246;2.2911884784698486;2.27941632270813;2.2594404220581055;2.2255399227142334;2.173656940460205;2.109071969985962;2.2950515747070312;2.2859864234924316;2.2705681324005127;2.244313955307007;2.201112985610962;2.140594720840454;2.075143575668335;11.182361602783203;2.075143575668335
49;1656;0.0012579955450910797;27;0.2077600061893463;0.3070800006389618;0.3688400089740753;0.4302999973297119;0.4736199975013733;0.5004000067710876;0.5289199948310852;0.542140007019043;0.5642799735069275;0.5871800184249878;0.6053199768066406;0.6165800094604492;0.6251400113105774;0.6524199843406677;0.6603000164031982;0.6711000204086304;0.6750800013542175;0.6891999840736389;0.7025399804115295;0.6942999958992004;0.7222999930381775;0.7275400161743164;0.7372599840164185;0.7487599849700928;0.7445200085639954;0.7587400078773499;0.7545199990272522;0.2913999855518341;0.3366999924182892;0.3910999894142151;0.4587000012397766;0.4821999967098236;0.5076000094413757;0.5357000231742859;0.5521000027656555;0.5633000135421753;0.5967000126838684;0.570900022983551;0.6029000282287598;0.6083999872207642;0.621999979019165;0.6159999966621399;0.6449000239372253;0.6402999758720398;0.6193000078201294;0.6022999882698059;0.6554999947547913;0.667900025844574;0.6621999740600586;0.6754000186920166;0.6485000252723694;0.6754999756813049;0.6388999819755554;0.6485000252723694;2.1059415340423584;1.8339552879333496;1.6893208026885986;1.539434790611267;1.4382001161575317;1.369268536567688;1.2989327907562256;1.2624610662460327;1.2090165615081787;1.1437057256698608;1.0997487306594849;1.0704245567321777;1.0456266403198242;0.9756938815116882;0.9627158045768738;0.9299977421760559;0.9129522442817688;0.8762317895889282;0.8435876369476318;0.8691331744194031;0.7920796275138855;0.7770066261291504;0.7524442672729492;0.7212942838668823;0.7324705719947815;0.6870481371879578;0.6988787651062012;1.9169687032699585;1.7392269372940063;1.6389410495758057;1.4699126482009888;1.41987943649292;1.3488198518753052;1.2747331857681274;1.236108422279358;1.2111810445785522;1.1353018283843994;1.2057102918624878;1.112564206123352;1.11129629611969;1.039615273475647;1.0689274072647095;1.0151135921478271;1.005752682685852;1.058854579925537;1.1527118682861328;0.9765467047691345;0.9537384510040283;0.9612383842468262;0.9228236079216003;1.0045475959777832;0.9203734397888184;1.0626420974731445;1.0205949544906616;26.787906885147095;1.0205949544906616
